⚠ [8696/8698] Replayed RequestProject.XiWeierstrassFactor
warning: RequestProject/XiWeierstrassFactor.lean:111:50: Variable name `hρ` is not explicitly referenced.

Hint: The binding can be removed (if unused) or named `_` (if used implicitly). Alternatively, prefix the name with `_` to silence this warning:
  [apply] _hρ

Note: This linter can be disabled with `set_option linter.unusedVariables false`
warning: RequestProject/XiWeierstrassFactor.lean:119:58: Variable name `hρ` is not explicitly referenced.

Hint: The binding can be removed (if unused) or named `_` (if used implicitly). Alternatively, prefix the name with `_` to silence this warning:
  [apply] _hρ

Note: This linter can be disabled with `set_option linter.unusedVariables false`
info: RequestProject/XiWeierstrassFactor.lean:136:0: 'ZD.xiWeierstrassFactor_differentiable' depends on axioms: [propext, Classical.choice, Quot.sound]
info: RequestProject/XiWeierstrassFactor.lean:137:0: 'ZD.xiWeierstrassFactor_deriv' depends on axioms: [propext, Classical.choice, Quot.sound]
info: RequestProject/XiWeierstrassFactor.lean:138:0: 'ZD.norm_xiWeierstrassFactor_sub_one_le' depends on axioms: [propext, Classical.choice, Quot.sound]
info: RequestProject/XiWeierstrassFactor.lean:139:0: 'ZD.norm_xiWeierstrassTerm_le' depends on axioms: [propext, Classical.choice, Quot.sound]
info: RequestProject/XiWeierstrassFactor.lean:140:0: 'ZD.xiWeierstrassTerm_differentiable' depends on axioms: [propext, Classical.choice, Quot.sound]
info: RequestProject/XiWeierstrassFactor.lean:141:0: 'ZD.one_add_xiWeierstrassTerm_differentiable' depends on axioms: [propext, Classical.choice, Quot.sound]
info: RequestProject/XiWeierstrassFactor.lean:142:0: 'ZD.one_add_xiWeierstrassTerm_at_zero' depends on axioms: [propext, Classical.choice, Quot.sound]
⚠ [8699/8780] Replayed RequestProject.StirlingBound
info: RequestProject/StirlingBound.lean:254:13: Try this:
  [apply] ring_nf
  
  The `ring` tactic failed to close the goal. Use `ring_nf` to obtain a normal form.
    
  Note that `ring` works primarily in *commutative* rings. If you have a noncommutative ring, abelian group or module, consider using `noncomm_ring`, `abel` or `module` instead.
info: RequestProject/StirlingBound.lean:281:68: Try this:
  [apply] ring_nf
  
  The `ring` tactic failed to close the goal. Use `ring_nf` to obtain a normal form.
    
  Note that `ring` works primarily in *commutative* rings. If you have a noncommutative ring, abelian group or module, consider using `noncomm_ring`, `abel` or `module` instead.
warning: RequestProject/StirlingBound.lean:355:6: `push_neg` has been deprecated. Prefer using `push Not` instead.
If you'd rather continue using `push_neg` in your project, you can implement it as follows:
```
open Lean.Parser.Tactic in
macro "push_neg" cfg:optConfig loc:(location)? : tactic =>
  `(tactic| push $cfg:optConfig Not $[$loc]?)
```
warning: RequestProject/StirlingBound.lean:741:57: Variable name `hσ` is not explicitly referenced.

Hint: The binding can be removed (if unused) or named `_` (if used implicitly). Alternatively, prefix the name with `_` to silence this warning:
  [apply] _hσ

Note: This linter can be disabled with `set_option linter.unusedVariables false`
warning: RequestProject/StirlingBound.lean:838:2: 'push_cast' tactic does nothing

Note: This linter can be disabled with `set_option linter.unusedTactic false`
warning: RequestProject/StirlingBound.lean:928:19: 'push_cast' tactic does nothing

Note: This linter can be disabled with `set_option linter.unusedTactic false`
warning: RequestProject/StirlingBound.lean:1211:5: Variable name `hden` is not explicitly referenced.

Hint: The binding can be removed (if unused) or named `_` (if used implicitly). Alternatively, prefix the name with `_` to silence this warning:
  [apply] _hden

Note: This linter can be disabled with `set_option linter.unusedVariables false`
warning: RequestProject/StirlingBound.lean:1262:39: Try this: intro j _ hz
warning: RequestProject/StirlingBound.lean:2382:0: automatically included section variable(s) unused in theorem `ZD.StirlingBound.gamma_ratio_upper_half_direct_of_betaVerticalDecay`:
  hUpper
consider restructuring your `variable` declarations so that the variables are not in scope or explicitly omit them:
  omit hUpper in theorem ...

Note: This linter can be disabled with `set_option linter.unusedSectionVars false`
warning: RequestProject/StirlingBound.lean:2623:8: 'change (0 : ℝ) < (⟨a + 1 / 2, t⟩ : ℂ).re' tactic does nothing

Note: This linter can be disabled with `set_option linter.unusedTactic false`
warning: RequestProject/StirlingBound.lean:3082:4: `push_neg` has been deprecated. Prefer using `push Not` instead.
If you'd rather continue using `push_neg` in your project, you can implement it as follows:
```
open Lean.Parser.Tactic in
macro "push_neg" cfg:optConfig loc:(location)? : tactic =>
  `(tactic| push $cfg:optConfig Not $[$loc]?)
```
ℹ [8700/8780] Replayed RequestProject.ZetaZeroDefs
info: RequestProject/ZetaZeroDefs.lean:824:62: Try this:
  [apply] ring_nf
  
  The `ring` tactic failed to close the goal. Use `ring_nf` to obtain a normal form.
    
  Note that `ring` works primarily in *commutative* rings. If you have a noncommutative ring, abelian group or module, consider using `noncomm_ring`, `abel` or `module` instead.
info: RequestProject/ZetaZeroDefs.lean:835:8: Try this:
  [apply] ring_nf
  
  The `ring` tactic failed to close the goal. Use `ring_nf` to obtain a normal form.
    
  Note that `ring` works primarily in *commutative* rings. If you have a noncommutative ring, abelian group or module, consider using `noncomm_ring`, `abel` or `module` instead.
info: RequestProject/ZetaZeroDefs.lean:836:46: Try this:
  [apply] ring_nf
  
  The `ring` tactic failed to close the goal. Use `ring_nf` to obtain a normal form.
    
  Note that `ring` works primarily in *commutative* rings. If you have a noncommutative ring, abelian group or module, consider using `noncomm_ring`, `abel` or `module` instead.
info: RequestProject/ZetaZeroDefs.lean:895:2: Try this:
  [apply] ring_nf
  
  The `ring` tactic failed to close the goal. Use `ring_nf` to obtain a normal form.
    
  Note that `ring` works primarily in *commutative* rings. If you have a noncommutative ring, abelian group or module, consider using `noncomm_ring`, `abel` or `module` instead.
⚠ [8701/8780] Replayed RequestProject.HalfLineParseval
warning: RequestProject/HalfLineParseval.lean:216:17: Variable name `hg_meas` is not explicitly referenced.

Hint: The binding can be removed (if unused) or named `_` (if used implicitly). Alternatively, prefix the name with `_` to silence this warning:
  [apply] _hg_meas

Note: This linter can be disabled with `set_option linter.unusedVariables false`
warning: RequestProject/HalfLineParseval.lean:650:4: `push_neg` has been deprecated. Prefer using `push Not` instead.
If you'd rather continue using `push_neg` in your project, you can implement it as follows:
```
open Lean.Parser.Tactic in
macro "push_neg" cfg:optConfig loc:(location)? : tactic =>
  `(tactic| push $cfg:optConfig Not $[$loc]?)
```
warning: RequestProject/HalfLineParseval.lean:710:6: `push_neg` has been deprecated. Prefer using `push Not` instead.
If you'd rather continue using `push_neg` in your project, you can implement it as follows:
```
open Lean.Parser.Tactic in
macro "push_neg" cfg:optConfig loc:(location)? : tactic =>
  `(tactic| push $cfg:optConfig Not $[$loc]?)
```
warning: RequestProject/HalfLineParseval.lean:711:45: This simp argument is unused:
  abs_neg

Hint: Omit it from the simp argument list.
  [apply] simp [not_lt.mpr ht, abs_of_nonpos ht]

Note: This linter can be disabled with `set_option linter.unusedSimpArgs false`
⚠ [8702/8780] Replayed RequestProject.EnergyDefect
warning: RequestProject/EnergyDefect.lean:109:21: This simp argument is unused:
  show (1 : ℝ) / 2 - 1 / 2 = 0 from by ring

Hint: Omit it from the simp argument list.
  [apply] simp [mul_zero, Real.cosh_zero, sub_self]

Note: This linter can be disabled with `set_option linter.unusedSimpArgs false`
warning: RequestProject/EnergyDefect.lean:110:22: This simp argument is unused:
  mul_zero

Hint: Omit it from the simp argument list.
  [apply] simp [show (1 : ℝ) / 2 - 1 / 2 = 0 from by ring, Real.cosh_zero, sub_self]

Note: This linter can be disabled with `set_option linter.unusedSimpArgs false`
warning: RequestProject/EnergyDefect.lean:117:21: This simp argument is unused:
  show (1 : ℝ) / 2 - 1 / 2 = 0 from by ring

Hint: Omit it from the simp argument list.
  [apply] simp [mul_zero, Real.sinh_zero]

Note: This linter can be disabled with `set_option linter.unusedSimpArgs false`
warning: RequestProject/EnergyDefect.lean:118:22: This simp argument is unused:
  mul_zero

Hint: Omit it from the simp argument list.
  [apply] simp [show (1 : ℝ) / 2 - 1 / 2 = 0 from by ring, Real.sinh_zero]

Note: This linter can be disabled with `set_option linter.unusedSimpArgs false`
⚠ [8703/8780] Replayed RequestProject.ThetaCenteredExcess
warning: RequestProject/ThetaCenteredExcess.lean:118:28: 'push_cast' tactic does nothing

Note: This linter can be disabled with `set_option linter.unusedTactic false`
⚠ [8704/8780] Replayed RequestProject.ThetaTransport
warning: RequestProject/ThetaTransport.lean:125:30: This simp argument is unused:
  Complex.div_re

Hint: Omit it from the simp argument list.
  [apply] simp [Complex.div_im, Complex.normSq]

Note: This linter can be disabled with `set_option linter.unusedSimpArgs false`
warning: RequestProject/ThetaTransport.lean:125:46: This simp argument is unused:
  Complex.div_im

Hint: Omit it from the simp argument list.
  [apply] simp [Complex.div_re, Complex.normSq]

Note: This linter can be disabled with `set_option linter.unusedSimpArgs false`
warning: RequestProject/ThetaTransport.lean:125:62: This simp argument is unused:
  Complex.normSq

Hint: Omit it from the simp argument list.
  [apply] simp [Complex.div_re, Complex.div_im]

Note: This linter can be disabled with `set_option linter.unusedSimpArgs false`
warning: RequestProject/ThetaTransport.lean:125:78: Used `tac1 <;> tac2` where `(tac1; tac2)` would suffice

Note: This linter can be disabled with `set_option linter.unnecessarySeqFocus false`
warning: RequestProject/ThetaTransport.lean:155:10: This simp argument is unused:
  Complex.div_re

Hint: Omit it from the simp argument list.
  [apply] simp [Complex.neg_re, Complex.normSq]

Note: This linter can be disabled with `set_option linter.unusedSimpArgs false`
warning: RequestProject/ThetaTransport.lean:155:42: This simp argument is unused:
  Complex.normSq

Hint: Omit it from the simp argument list.
  [apply] simp [Complex.div_re, Complex.neg_re]

Note: This linter can be disabled with `set_option linter.unusedSimpArgs false`
warning: RequestProject/ThetaTransport.lean:332:28: try 'simp' instead of 'simpa'

Note: This linter can be disabled with `set_option linter.unnecessarySimpa false`
ℹ [8705/8780] Replayed RequestProject.RiemannXiDecay
info: RequestProject/RiemannXiDecay.lean:352:0: 'ZD.gamma_half_vertical_decay' depends on axioms: [propext, Classical.choice, Quot.sound]
info: RequestProject/RiemannXiDecay.lean:353:0: 'ZD.riemannXi_normSq_tail_bound_of_decay' depends on axioms: [propext, Classical.choice, Quot.sound]
info: RequestProject/RiemannXiDecay.lean:354:0: 'ZD.Gammaℝ_vertical_decay' depends on axioms: [propext, Classical.choice, Quot.sound]
info: RequestProject/RiemannXiDecay.lean:355:0: 'ZD.riemannXi_vertical_decay_of_zetaBound' depends on axioms: [propext, Classical.choice, Quot.sound]
⚠ [8707/8780] Replayed RequestProject.EulerMaclaurinDirichlet
warning: RequestProject/EulerMaclaurinDirichlet.lean:299:6: `MeasureTheory.integral_union_ae` has been deprecated: Use `MeasureTheory.setIntegral_union₀` instead
warning: RequestProject/EulerMaclaurinDirichlet.lean:863:20: `Set.mem_setOf_eq` has been deprecated: Use `Set.mem_ofPred_eq` instead
warning: RequestProject/EulerMaclaurinDirichlet.lean:875:10: `push_neg` has been deprecated. Prefer using `push Not` instead.
If you'd rather continue using `push_neg` in your project, you can implement it as follows:
```
open Lean.Parser.Tactic in
macro "push_neg" cfg:optConfig loc:(location)? : tactic =>
  `(tactic| push $cfg:optConfig Not $[$loc]?)
```
⚠ [8708/8780] Replayed RequestProject.ZetaStripBound
info: RequestProject/ZetaStripBound.lean:92:0: 'ZD.StripBound.norm_zeta_le_zeta_re_of_two_le_re' depends on axioms: [propext, Classical.choice, Quot.sound]
info: RequestProject/ZetaStripBound.lean:93:0: 'ZD.StripBound.tsum_one_div_nat_rpow_antitone' depends on axioms: [propext, Classical.choice, Quot.sound]
info: RequestProject/ZetaStripBound.lean:94:0: 'ZD.StripBound.norm_zeta_le_zeta_two_of_two_le_re' depends on axioms: [propext, Classical.choice, Quot.sound]
info: RequestProject/ZetaStripBound.lean:186:0: 'ZD.StripBound.norm_sin_pi_half_le_exp' depends on axioms: [propext, Classical.choice, Quot.sound]
info: RequestProject/ZetaStripBound.lean:315:0: 'ZD.StripBound.zeta_polynomial_bound_neg_one' depends on axioms: [propext, Classical.choice, Quot.sound]
info: RequestProject/ZetaStripBound.lean:461:0: 'ZD.StripBound.zetaRegularizerCore_tendsto_one' depends on axioms: [propext, Classical.choice, Quot.sound]
info: RequestProject/ZetaStripBound.lean:462:0: 'ZD.StripBound.zetaRegularizer_continuousAt_one' depends on axioms: [propext, Classical.choice, Quot.sound]
info: RequestProject/ZetaStripBound.lean:463:0: 'ZD.StripBound.zetaRegularizer_differentiableAt' depends on axioms: [propext, Classical.choice, Quot.sound]
info: RequestProject/ZetaStripBound.lean:546:0: 'ZD.StripBound.zetaRegularizer_bound_right' depends on axioms: [propext, Classical.choice, Quot.sound]
info: RequestProject/ZetaStripBound.lean:654:0: 'ZD.StripBound.zetaRegularizer_bound_left_asymptotic' depends on axioms: [propext, Classical.choice, Quot.sound]
warning: RequestProject/ZetaStripBound.lean:685:52: Variable name `hT` is not explicitly referenced.

Hint: The binding can be removed (if unused) or named `_` (if used implicitly). Alternatively, prefix the name with `_` to silence this warning:
  [apply] _hT

Note: This linter can be disabled with `set_option linter.unusedVariables false`
info: RequestProject/ZetaStripBound.lean:702:0: 'ZD.StripBound.zetaRegularizer_bound_left_compact' depends on axioms: [propext, Classical.choice, Quot.sound]
warning: RequestProject/ZetaStripBound.lean:713:4: `push_neg` has been deprecated. Prefer using `push Not` instead.
If you'd rather continue using `push_neg` in your project, you can implement it as follows:
```
open Lean.Parser.Tactic in
macro "push_neg" cfg:optConfig loc:(location)? : tactic =>
  `(tactic| push $cfg:optConfig Not $[$loc]?)
```
info: RequestProject/ZetaStripBound.lean:716:0: 'ZD.StripBound.zetaRegularizer_bound_left' depends on axioms: [propext, Classical.choice, Quot.sound]
info: RequestProject/ZetaStripBound.lean:837:0: 'ZD.StripBound.zetaRegularizer_bound_in_strip' depends on axioms: [propext, Classical.choice, Quot.sound]
info: RequestProject/ZetaStripBound.lean:929:0: 'ZD.StripBound.zetaPolynomialBoundInStrip_of_subexp' depends on axioms: [propext, Classical.choice, Quot.sound]
info: RequestProject/ZetaStripBound.lean:1138:0: 'ZD.StripBound.zetaPolynomialBoundInStrip_from_euler_maclaurin' depends on axioms: [propext,
 Classical.choice,
 Quot.sound]
⚠ [8709/8780] Replayed RequestProject.MellinPathToXi
warning: RequestProject/MellinPathToXi.lean:698:37: 'push_cast' tactic does nothing

Note: This linter can be disabled with `set_option linter.unusedTactic false`
warning: RequestProject/MellinPathToXi.lean:701:37: 'push_cast' tactic does nothing

Note: This linter can be disabled with `set_option linter.unusedTactic false`
warning: RequestProject/MellinPathToXi.lean:704:37: 'push_cast' tactic does nothing

Note: This linter can be disabled with `set_option linter.unusedTactic false`
warning: RequestProject/MellinPathToXi.lean:707:37: 'push_cast' tactic does nothing

Note: This linter can be disabled with `set_option linter.unusedTactic false`
warning: RequestProject/MellinPathToXi.lean:789:13: This simp argument is unused:
  if_pos rfl

Hint: Omit it from the simp argument list.
  [apply] simp only at hp_decay

Note: This linter can be disabled with `set_option linter.unusedSimpArgs false`
warning: RequestProject/MellinPathToXi.lean:814:47: This simp argument is unused:
  norm_div

Hint: Omit it from the simp argument list.
  [apply] simp

Note: This linter can be disabled with `set_option linter.unusedSimpArgs false`
warning: RequestProject/MellinPathToXi.lean:979:13: This simp argument is unused:
  if_pos rfl

Hint: Omit it from the simp argument list.
  [apply] simp only at hp_decay

Note: This linter can be disabled with `set_option linter.unusedSimpArgs false`
warning: RequestProject/MellinPathToXi.lean:1182:4: `MeasureTheory.integral_comp_smul_deriv_Ioi` has been deprecated: Use `MeasureTheory.integral_deriv_smul_comp_Ioi` instead
info: RequestProject/MellinPathToXi.lean:1278:0: 'ZD.riemannXi_eq_observable' depends on axioms: [propext, Classical.choice, Quot.sound]
info: RequestProject/MellinPathToXi.lean:1279:0: 'ZD.observable_vanishes_at_zeros' depends on axioms: [propext, Classical.choice, Quot.sound]
info: RequestProject/MellinPathToXi.lean:1280:0: 'ZD.I_theta_mellin_norm_at_zero' depends on axioms: [propext, Classical.choice, Quot.sound]
info: RequestProject/MellinPathToXi.lean:1281:0: 'ZD.differentiable_observable' depends on axioms: [propext, Classical.choice, Quot.sound]
⚠ [8710/8780] Replayed RequestProject.ZeroCountJensen
warning: RequestProject/ZeroCountJensen.lean:586:32: Variable name `hσ` is not explicitly referenced.

Hint: The binding can be removed (if unused) or named `_` (if used implicitly). Alternatively, prefix the name with `_` to silence this warning:
  [apply] _hσ

Note: This linter can be disabled with `set_option linter.unusedVariables false`
warning: RequestProject/ZeroCountJensen.lean:608:55: Variable name `hs` is not explicitly referenced.

Hint: The binding can be removed (if unused) or named `_` (if used implicitly). Alternatively, prefix the name with `_` to silence this warning:
  [apply] _hs

Note: This linter can be disabled with `set_option linter.unusedVariables false`
warning: RequestProject/ZeroCountJensen.lean:1011:4: `push_neg` has been deprecated. Prefer using `push Not` instead.
If you'd rather continue using `push_neg` in your project, you can implement it as follows:
```
open Lean.Parser.Tactic in
macro "push_neg" cfg:optConfig loc:(location)? : tactic =>
  `(tactic| push $cfg:optConfig Not $[$loc]?)
```
warning: RequestProject/ZeroCountJensen.lean:948:40: This simp argument is unused:
  norm_div

Hint: Omit it from the simp argument list.
  [apply] simp [Complex.norm_two]

Note: This linter can be disabled with `set_option linter.unusedSimpArgs false`
warning: RequestProject/ZeroCountJensen.lean:948:50: This simp argument is unused:
  Complex.norm_two

Hint: Omit it from the simp argument list.
  [apply] simp [norm_div]

Note: This linter can be disabled with `set_option linter.unusedSimpArgs false`
warning: RequestProject/ZeroCountJensen.lean:1258:4: `push_neg` has been deprecated. Prefer using `push Not` instead.
If you'd rather continue using `push_neg` in your project, you can implement it as follows:
```
open Lean.Parser.Tactic in
macro "push_neg" cfg:optConfig loc:(location)? : tactic =>
  `(tactic| push $cfg:optConfig Not $[$loc]?)
```
warning: RequestProject/ZeroCountJensen.lean:1427:4: `circleIntegrable_log_norm_meromorphicOn` has been deprecated: Use `MeromorphicOn.circleIntegrable_log_norm` instead
warning: RequestProject/ZeroCountJensen.lean:1947:6: `push_neg` has been deprecated. Prefer using `push Not` instead.
If you'd rather continue using `push_neg` in your project, you can implement it as follows:
```
open Lean.Parser.Tactic in
macro "push_neg" cfg:optConfig loc:(location)? : tactic =>
  `(tactic| push $cfg:optConfig Not $[$loc]?)
```
info: RequestProject/ZeroCountJensen.lean:1958:0: 'ZD.ZeroCount.xi_bound_right_halfplane' depends on axioms: [propext, Classical.choice, Quot.sound]
info: RequestProject/ZeroCountJensen.lean:1959:0: 'ZD.ZeroCount.xi_bound_in_strip' depends on axioms: [propext, Classical.choice, Quot.sound]
info: RequestProject/ZeroCountJensen.lean:1960:0: 'ZD.ZeroCount.completedRiemannZeta₀_bounded_on_strip' depends on axioms: [propext, Classical.choice, Quot.sound]
info: RequestProject/ZeroCountJensen.lean:1961:0: 'ZD.ZeroCount.integrable_cosh_half_abs_ψ_mellin' depends on axioms: [propext, Classical.choice, Quot.sound]
info: RequestProject/ZeroCountJensen.lean:1962:0: 'ZD.ZeroCount.complex_cosh_norm_le_cosh_re' depends on axioms: [propext, Classical.choice, Quot.sound]
info: RequestProject/ZeroCountJensen.lean:1963:0: 'ZD.ZeroCount.ptwise_bound_cosh_kernel_strip' depends on axioms: [propext, Classical.choice, Quot.sound]
info: RequestProject/ZeroCountJensen.lean:1964:0: 'ZD.ZeroCount.xi_order_one_log_bound' depends on axioms: [propext, Classical.choice, Quot.sound]
info: RequestProject/ZeroCountJensen.lean:1965:0: 'ZD.ZeroCount.xi_jensen_at_zero' depends on axioms: [propext, Classical.choice, Quot.sound]
info: RequestProject/ZeroCountJensen.lean:1966:0: 'ZD.ZeroCount.xi_zero_count_disk_bound' depends on axioms: [propext, Classical.choice, Quot.sound]
info: RequestProject/ZeroCountJensen.lean:1967:0: 'ZD.ZeroCount.nontrivialZeros_inv_sq_summable' depends on axioms: [propext, Classical.choice, Quot.sound]
⚠ [8711/8780] Replayed RequestProject.XiProduct
info: RequestProject/XiProduct.lean:328:0: 'ZD.summable_nat_succ_div_two_pow' depends on axioms: [propext, Classical.choice, Quot.sound]
info: RequestProject/XiProduct.lean:329:0: 'ZD.summable_inv_norm_sq_nontrivialZeros' depends on axioms: [propext, Classical.choice, Quot.sound]
warning: RequestProject/XiProduct.lean:353:17: `Set.mem_setOf_eq` has been deprecated: Use `Set.mem_ofPred_eq` instead
warning: RequestProject/XiProduct.lean:361:17: `push_neg` has been deprecated. Prefer using `push Not` instead.
If you'd rather continue using `push_neg` in your project, you can implement it as follows:
```
open Lean.Parser.Tactic in
macro "push_neg" cfg:optConfig loc:(location)? : tactic =>
  `(tactic| push $cfg:optConfig Not $[$loc]?)
```
info: RequestProject/XiProduct.lean:381:0: 'ZD.xiWeierstrassTerm_closedBall_bound' depends on axioms: [propext, Classical.choice, Quot.sound]
info: RequestProject/XiProduct.lean:409:0: 'ZD.xiWeierstrassProduct_multipliableUniformlyOn_closedBall' depends on axioms: [propext, Classical.choice, Quot.sound]
info: RequestProject/XiProduct.lean:439:0: 'ZD.xiWeierstrassProduct_multipliableLocallyUniformlyOn_univ' depends on axioms: [propext, Classical.choice, Quot.sound]
info: RequestProject/XiProduct.lean:451:0: 'ZD.xiProduct' depends on axioms: [propext, Classical.choice, Quot.sound]
⚠ [8712/8780] Replayed RequestProject.XiProductZeros
warning: RequestProject/XiProductZeros.lean:50:12: `DifferentiableOn.finset_prod` has been deprecated: Use `DifferentiableOn.finsetProd` instead
info: RequestProject/XiProductZeros.lean:57:0: 'ZD.xiProduct_differentiable' depends on axioms: [propext, Classical.choice, Quot.sound]
info: RequestProject/XiProductZeros.lean:107:0: 'ZD.xiProduct_zero_of_mem_NontrivialZeros' depends on axioms: [propext, Classical.choice, Quot.sound]
info: RequestProject/XiProductZeros.lean:147:0: 'ZD.xiProduct_ne_zero_of_notMem_NontrivialZeros' depends on axioms: [propext, Classical.choice, Quot.sound]
info: RequestProject/XiProductZeros.lean:158:0: 'ZD.xiProduct_eq_zero_iff' depends on axioms: [propext, Classical.choice, Quot.sound]
⚠ [8713/8780] Replayed RequestProject.XiHadamardQuotient
warning: RequestProject/XiHadamardQuotient.lean:61:32: `Set.mem_setOf_eq` has been deprecated: Use `Set.mem_ofPred_eq` instead
warning: RequestProject/XiHadamardQuotient.lean:78:8: `push_neg` has been deprecated. Prefer using `push Not` instead.
If you'd rather continue using `push_neg` in your project, you can implement it as follows:
```
open Lean.Parser.Tactic in
macro "push_neg" cfg:optConfig loc:(location)? : tactic =>
  `(tactic| push $cfg:optConfig Not $[$loc]?)
```
warning: RequestProject/XiHadamardQuotient.lean:108:6: `push_neg` has been deprecated. Prefer using `push Not` instead.
If you'd rather continue using `push_neg` in your project, you can implement it as follows:
```
open Lean.Parser.Tactic in
macro "push_neg" cfg:optConfig loc:(location)? : tactic =>
  `(tactic| push $cfg:optConfig Not $[$loc]?)
```
info: RequestProject/XiHadamardQuotient.lean:125:0: 'ZD.completedRiemannZeta_eq_zero_iff' depends on axioms: [propext, Classical.choice, Quot.sound]
info: RequestProject/XiHadamardQuotient.lean:171:0: 'ZD.riemannXi_eq_zero_iff' depends on axioms: [propext, Classical.choice, Quot.sound]
⚠ [8714/8780] Replayed RequestProject.XiOrder
warning: RequestProject/XiOrder.lean:49:2: `push_neg` has been deprecated. Prefer using `push Not` instead.
If you'd rather continue using `push_neg` in your project, you can implement it as follows:
```
open Lean.Parser.Tactic in
macro "push_neg" cfg:optConfig loc:(location)? : tactic =>
  `(tactic| push $cfg:optConfig Not $[$loc]?)
```
warning: RequestProject/XiOrder.lean:53:10: `ENat.coe_toNat_eq_self` has been deprecated: Use `ENat.natCast_toNat_eq_self` instead
info: RequestProject/XiOrder.lean:58:0: 'ZD.xiOrderNat_pos_of_mem_NontrivialZeros' depends on axioms: [propext, Classical.choice, Quot.sound]
⚠ [8715/8780] Replayed RequestProject.XiOrderSummable
warning: RequestProject/XiOrderSummable.lean:93:4: `circleIntegrable_log_norm_meromorphicOn` has been deprecated: Use `MeromorphicOn.circleIntegrable_log_norm` instead
info: RequestProject/XiOrderSummable.lean:260:0: 'ZD.xi_weighted_zero_count_disk_bound' depends on axioms: [propext, Classical.choice, Quot.sound]
info: RequestProject/XiOrderSummable.lean:503:0: 'ZD.summable_xiOrderNat_div_norm_sq_nontrivialZeros' depends on axioms: [propext, Classical.choice, Quot.sound]
⚠ [8716/8780] Replayed RequestProject.XiProductMult
warning: RequestProject/XiProductMult.lean:72:4: 'push_cast' tactic does nothing

Note: This linter can be disabled with `set_option linter.unusedTactic false`
info: RequestProject/XiProductMult.lean:75:0: 'ZD.summable_multi_weierstrassTerm_bound' depends on axioms: [propext, Classical.choice, Quot.sound]
warning: RequestProject/XiProductMult.lean:100:19: `Set.mem_setOf_eq` has been deprecated: Use `Set.mem_ofPred_eq` instead
warning: RequestProject/XiProductMult.lean:112:17: `Set.mem_setOf_eq` has been deprecated: Use `Set.mem_ofPred_eq` instead
warning: RequestProject/XiProductMult.lean:114:44: `Set.mem_setOf_eq` has been deprecated: Use `Set.mem_ofPred_eq` instead
warning: RequestProject/XiProductMult.lean:124:17: `push_neg` has been deprecated. Prefer using `push Not` instead.
If you'd rather continue using `push_neg` in your project, you can implement it as follows:
```
open Lean.Parser.Tactic in
macro "push_neg" cfg:optConfig loc:(location)? : tactic =>
  `(tactic| push $cfg:optConfig Not $[$loc]?)
```
info: RequestProject/XiProductMult.lean:142:0: 'ZD.xiWeierstrassTerm_mult_closedBall_bound' depends on axioms: [propext, Classical.choice, Quot.sound]
info: RequestProject/XiProductMult.lean:160:0: 'ZD.xiProductMult_multipliableUniformlyOn_closedBall' depends on axioms: [propext, Classical.choice, Quot.sound]
info: RequestProject/XiProductMult.lean:184:0: 'ZD.xiProductMult_multipliableLocallyUniformlyOn_univ' depends on axioms: [propext, Classical.choice, Quot.sound]
warning: RequestProject/XiProductMult.lean:206:12: `DifferentiableOn.finset_prod` has been deprecated: Use `DifferentiableOn.finsetProd` instead
info: RequestProject/XiProductMult.lean:214:0: 'ZD.xiProductMult_differentiable' depends on axioms: [propext, Classical.choice, Quot.sound]
info: RequestProject/XiProductMult.lean:236:0: 'ZD.xiProductMult_zero_of_mem_NontrivialZeros' depends on axioms: [propext, Classical.choice, Quot.sound]
info: RequestProject/XiProductMult.lean:267:0: 'ZD.xiProductMult_ne_zero_of_notMem_NontrivialZeros' depends on axioms: [propext, Classical.choice, Quot.sound]
info: RequestProject/XiProductMult.lean:278:0: 'ZD.xiProductMult_eq_zero_iff' depends on axioms: [propext, Classical.choice, Quot.sound]
⚠ [8717/8780] Replayed RequestProject.XiProductMultOrder
warning: RequestProject/XiProductMultOrder.lean:165:14: `DifferentiableOn.finset_prod` has been deprecated: Use `DifferentiableOn.finsetProd` instead
⚠ [8718/8780] Replayed RequestProject.XiHadamardLog
warning: RequestProject/XiHadamardLog.lean:63:15: `ENat.coe_toNat` has been deprecated: Use `ENat.natCast_toNat` instead
warning: RequestProject/XiHadamardLog.lean:78:5: `ENat.coe_toNat` has been deprecated: Use `ENat.natCast_toNat` instead
⚠ [8719/8780] Replayed RequestProject.XiLogDerivTerms
warning: RequestProject/XiLogDerivTerms.lean:73:10: This simp argument is unused:
  Pi.one_apply

Hint: Omit it from the simp argument list.
  [apply] simp

Note: This linter can be disabled with `set_option linter.unusedSimpArgs false`
info: RequestProject/XiLogDerivTerms.lean:82:0: 'ZD.logDeriv_one_add_xiWeierstrassTerm' depends on axioms: [propext, Classical.choice, Quot.sound]
warning: RequestProject/XiLogDerivTerms.lean:111:17: `Set.mem_setOf_eq` has been deprecated: Use `Set.mem_ofPred_eq` instead
warning: RequestProject/XiLogDerivTerms.lean:119:17: `push_neg` has been deprecated. Prefer using `push Not` instead.
If you'd rather continue using `push_neg` in your project, you can implement it as follows:
```
open Lean.Parser.Tactic in
macro "push_neg" cfg:optConfig loc:(location)? : tactic =>
  `(tactic| push $cfg:optConfig Not $[$loc]?)
```
warning: RequestProject/XiLogDerivTerms.lean:86:53: Variable name `hz` is not explicitly referenced.

Hint: The binding can be removed (if unused) or named `_` (if used implicitly). Alternatively, prefix the name with `_` to silence this warning:
  [apply] _hz

Note: This linter can be disabled with `set_option linter.unusedVariables false`
info: RequestProject/XiLogDerivTerms.lean:160:0: 'ZD.summable_logDeriv_xiWeierstrassTerm' depends on axioms: [propext, Classical.choice, Quot.sound]
⚠ [8720/8780] Replayed RequestProject.XiProductMultPartialFraction
warning: RequestProject/XiProductMultPartialFraction.lean:39:2: 'push_cast' tactic does nothing

Note: This linter can be disabled with `set_option linter.unusedTactic false`
warning: RequestProject/XiProductMultPartialFraction.lean:64:17: `Set.mem_setOf_eq` has been deprecated: Use `Set.mem_ofPred_eq` instead
warning: RequestProject/XiProductMultPartialFraction.lean:77:17: `Set.mem_setOf_eq` has been deprecated: Use `Set.mem_ofPred_eq` instead
warning: RequestProject/XiProductMultPartialFraction.lean:79:44: `Set.mem_setOf_eq` has been deprecated: Use `Set.mem_ofPred_eq` instead
warning: RequestProject/XiProductMultPartialFraction.lean:89:4: `push_neg` has been deprecated. Prefer using `push Not` instead.
If you'd rather continue using `push_neg` in your project, you can implement it as follows:
```
open Lean.Parser.Tactic in
macro "push_neg" cfg:optConfig loc:(location)? : tactic =>
  `(tactic| push $cfg:optConfig Not $[$loc]?)
```
warning: RequestProject/XiProductMultPartialFraction.lean:199:4: 'push_cast' tactic does nothing

Note: This linter can be disabled with `set_option linter.unusedTactic false`
⚠ [8721/8780] Replayed RequestProject.WeilBridge
warning: RequestProject/WeilBridge.lean:168:2: `push_neg` has been deprecated. Prefer using `push Not` instead.
If you'd rather continue using `push_neg` in your project, you can implement it as follows:
```
open Lean.Parser.Tactic in
macro "push_neg" cfg:optConfig loc:(location)? : tactic =>
  `(tactic| push $cfg:optConfig Not $[$loc]?)
```
warning: RequestProject/WeilBridge.lean:165:62: Variable name `hs1` is not explicitly referenced.

Hint: The binding can be removed (if unused) or named `_` (if used implicitly). Alternatively, prefix the name with `_` to silence this warning:
  [apply] _hs1

Note: This linter can be disabled with `set_option linter.unusedVariables false`
warning: RequestProject/WeilBridge.lean:179:15: `push_neg` has been deprecated. Prefer using `push Not` instead.
If you'd rather continue using `push_neg` in your project, you can implement it as follows:
```
open Lean.Parser.Tactic in
macro "push_neg" cfg:optConfig loc:(location)? : tactic =>
  `(tactic| push $cfg:optConfig Not $[$loc]?)
```
warning: RequestProject/WeilBridge.lean:243:4: `push_neg` has been deprecated. Prefer using `push Not` instead.
If you'd rather continue using `push_neg` in your project, you can implement it as follows:
```
open Lean.Parser.Tactic in
macro "push_neg" cfg:optConfig loc:(location)? : tactic =>
  `(tactic| push $cfg:optConfig Not $[$loc]?)
```
warning: RequestProject/WeilBridge.lean:213:56: This simp argument is unused:
  Complex.ofReal_re

Hint: Omit it from the simp argument list.
  [apply] simp [hs_def, Complex.sub_re, Complex.neg_re, Complex.one_re]

Note: This linter can be disabled with `set_option linter.unusedSimpArgs false`
ℹ [8722/8780] Replayed RequestProject.GaussianAdmissible
info: RequestProject/GaussianAdmissible.lean:307:0: 'ZD.ψ_gaussian_admissible' depends on axioms: [propext, Classical.choice, Quot.sound]
ℹ [8725/8780] Replayed RequestProject.GaussianDetectorPair
info: RequestProject/GaussianDetectorPair.lean:126:0: 'ZD.gaussianDetectorLeft_closed_form' depends on axioms: [propext, Classical.choice, Quot.sound]
info: RequestProject/GaussianDetectorPair.lean:127:0: 'ZD.gaussianDetectorRight_closed_form' depends on axioms: [propext, Classical.choice, Quot.sound]
info: RequestProject/GaussianDetectorPair.lean:128:0: 'ZD.gaussianDetectorPair_diff' depends on axioms: [propext, Classical.choice, Quot.sound]
info: RequestProject/GaussianDetectorPair.lean:129:0: 'ZD.gaussianDetectorPair_ratio' depends on axioms: [propext, Classical.choice, Quot.sound]
info: RequestProject/GaussianDetectorPair.lean:389:0: 'ZD.pairDetectorSqDiff_sinh_factor' depends on axioms: [propext, Classical.choice, Quot.sound]
info: RequestProject/GaussianDetectorPair.lean:390:0: 'ZD.gaussianPairDefect_zero_on_line' depends on axioms: [propext, Classical.choice, Quot.sound]
info: RequestProject/GaussianDetectorPair.lean:391:0: 'ZD.gaussianPairDefect_nonneg' depends on axioms: [propext, Classical.choice, Quot.sound]
info: RequestProject/GaussianDetectorPair.lean:392:0: 'ZD.re_half_of_gaussianPairDefect_zero' depends on axioms: [propext, Classical.choice, Quot.sound]
⚠ [8727/8780] Replayed RequestProject.OfflineAmplitudeMethods
info: RequestProject/OfflineAmplitudeMethods.lean:104:45: Try this:
  [apply] ring_nf
  
  The `ring` tactic failed to close the goal. Use `ring_nf` to obtain a normal form.
    
  Note that `ring` works primarily in *commutative* rings. If you have a noncommutative ring, abelian group or module, consider using `noncomm_ring`, `abel` or `module` instead.
info: RequestProject/OfflineAmplitudeMethods.lean:135:44: Try this:
  [apply] ring_nf
  
  The `ring` tactic failed to close the goal. Use `ring_nf` to obtain a normal form.
    
  Note that `ring` works primarily in *commutative* rings. If you have a noncommutative ring, abelian group or module, consider using `noncomm_ring`, `abel` or `module` instead.
info: RequestProject/OfflineAmplitudeMethods.lean:136:40: Try this:
  [apply] ring_nf
  
  The `ring` tactic failed to close the goal. Use `ring_nf` to obtain a normal form.
    
  Note that `ring` works primarily in *commutative* rings. If you have a noncommutative ring, abelian group or module, consider using `noncomm_ring`, `abel` or `module` instead.
info: RequestProject/OfflineAmplitudeMethods.lean:625:2: Try this:
  [apply] ring_nf
  
  The `ring` tactic failed to close the goal. Use `ring_nf` to obtain a normal form.
    
  Note that `ring` works primarily in *commutative* rings. If you have a noncommutative ring, abelian group or module, consider using `noncomm_ring`, `abel` or `module` instead.
warning: RequestProject/OfflineAmplitudeMethods.lean:732:35: Variable name `hp` is not explicitly referenced.

Hint: The binding can be removed (if unused) or named `_` (if used implicitly). Alternatively, prefix the name with `_` to silence this warning:
  [apply] _hp

Note: This linter can be disabled with `set_option linter.unusedVariables false`
warning: RequestProject/OfflineAmplitudeMethods.lean:732:54: Variable name `h5` is not explicitly referenced.

Hint: The binding can be removed (if unused) or named `_` (if used implicitly). Alternatively, prefix the name with `_` to silence this warning:
  [apply] _h5

Note: This linter can be disabled with `set_option linter.unusedVariables false`
warning: RequestProject/OfflineAmplitudeMethods.lean:740:35: Variable name `hp` is not explicitly referenced.

Hint: The binding can be removed (if unused) or named `_` (if used implicitly). Alternatively, prefix the name with `_` to silence this warning:
  [apply] _hp

Note: This linter can be disabled with `set_option linter.unusedVariables false`
warning: RequestProject/OfflineAmplitudeMethods.lean:740:54: Variable name `h5` is not explicitly referenced.

Hint: The binding can be removed (if unused) or named `_` (if used implicitly). Alternatively, prefix the name with `_` to silence this warning:
  [apply] _h5

Note: This linter can be disabled with `set_option linter.unusedVariables false`
warning: RequestProject/OfflineAmplitudeMethods.lean:882:24: `Nat.infinite_setOf_prime` has been deprecated: Use `Nat.infinite_setOfPred_prime` instead
warning: RequestProject/OfflineAmplitudeMethods.lean:1064:0: Definition `diagnostic_nontrivial` is a proposition; use `theorem` instead of `def`

Note: This linter can be disabled with `set_option linter.defProp false`
warning: RequestProject/OfflineAmplitudeMethods.lean:1073:0: Definition `diagnostic_online` is a proposition; use `theorem` instead of `def`

Note: This linter can be disabled with `set_option linter.defProp false`
warning: RequestProject/OfflineAmplitudeMethods.lean:1081:0: Definition `diagnostic_offline` is a proposition; use `theorem` instead of `def`

Note: This linter can be disabled with `set_option linter.defProp false`
warning: RequestProject/OfflineAmplitudeMethods.lean:1368:0: Definition `diagnostic_twoKernel` is a proposition; use `theorem` instead of `def`

Note: This linter can be disabled with `set_option linter.defProp false`
warning: RequestProject/OfflineAmplitudeMethods.lean:1378:0: Definition `diagnostic_twoKernel_online` is a proposition; use `theorem` instead of `def`

Note: This linter can be disabled with `set_option linter.defProp false`
warning: RequestProject/OfflineAmplitudeMethods.lean:1390:0: Definition `diagnostic_twoKernel_offline` is a proposition; use `theorem` instead of `def`

Note: This linter can be disabled with `set_option linter.defProp false`
⚠ [8728/8780] Replayed RequestProject.HarmonicDiagnostics
warning: RequestProject/HarmonicDiagnostics.lean:166:28: Variable name `hab` is not explicitly referenced.

Hint: The binding can be removed (if unused) or named `_` (if used implicitly). Alternatively, prefix the name with `_` to silence this warning:
  [apply] _hab

Note: This linter can be disabled with `set_option linter.unusedVariables false`
warning: RequestProject/HarmonicDiagnostics.lean:275:38: Variable name `hr` is not explicitly referenced.

Hint: The binding can be removed (if unused) or named `_` (if used implicitly). Alternatively, prefix the name with `_` to silence this warning:
  [apply] _hr

Note: This linter can be disabled with `set_option linter.unusedVariables false`
warning: RequestProject/HarmonicDiagnostics.lean:532:4: Try this: intro h p hp
info: RequestProject/HarmonicDiagnostics.lean:719:0: diagnostic_nontrivial : ∀ ρ ∈ ZD.NontrivialZeros, NontrivialDiagnostic ρ
info: RequestProject/HarmonicDiagnostics.lean:720:0: diagnostic_online : ∀ ρ ∈ ZD.OnLineZeros, OnlineDiagnostic ρ
info: RequestProject/HarmonicDiagnostics.lean:721:0: diagnostic_offline : ∀ ρ ∈ ZD.OffLineZeros, OfflineDiagnostic ρ
info: RequestProject/HarmonicDiagnostics.lean:722:0: NontrivialDiagnostic : ℂ → Prop
info: RequestProject/HarmonicDiagnostics.lean:723:0: OnlineDiagnostic : ℂ → Prop
info: RequestProject/HarmonicDiagnostics.lean:724:0: OfflineDiagnostic : ℂ → Prop
info: RequestProject/HarmonicDiagnostics.lean:725:0: offline_breaks_balance : ∀ ρ ∈ ZD.OffLineZeros, 0 < amplitudeDefect (π / 3) ρ.re
info: RequestProject/HarmonicDiagnostics.lean:726:0: nontrivial_in_strip : ∀ ρ ∈ ZD.NontrivialZeros, 0 < ρ.re ∧ ρ.re < 1
info: RequestProject/HarmonicDiagnostics.lean:727:0: nontrivial_defect_nonneg : ∀ ρ ∈ ZD.NontrivialZeros, 0 ≤ amplitudeDefect (π / 3) ρ.re
info: RequestProject/HarmonicDiagnostics.lean:728:0: nontrivial_signal_mono : ∀ ρ ∈ ZD.NontrivialZeros,
  ∀ {p q : ℕ}, Nat.Prime p → 5 ≤ p → Nat.Prime q → 5 ≤ q → p < q → harmonicSignal p ρ.re < harmonicSignal q ρ.re
info: RequestProject/HarmonicDiagnostics.lean:729:0: online_defect_zero : ∀ ρ ∈ ZD.OnLineZeros, amplitudeDefect (π / 3) ρ.re = 0
info: RequestProject/HarmonicDiagnostics.lean:730:0: online_ratio_one : ∀ ρ ∈ ZD.OnLineZeros, envelopeRatio (π / 3) ρ.re = 1
info: RequestProject/HarmonicDiagnostics.lean:731:0: offline_defect_pos : ∀ ρ ∈ ZD.OffLineZeros, 0 < amplitudeDefect (π / 3) ρ.re
info: RequestProject/HarmonicDiagnostics.lean:732:0: offline_ratio_gt_one : ∀ ρ ∈ ZD.OffLineZeros, 1 < envelopeRatio (π / 3) ρ.re
info: RequestProject/HarmonicDiagnostics.lean:733:0: offline_defect_at_pi_third_pos : ∀ ρ ∈ ZD.OffLineZeros, 0 < amplitudeDefect (π / 3) ρ.re
info: RequestProject/HarmonicDiagnostics.lean:734:0: offline_cumulative_pos : ∀ ρ ∈ ZD.OffLineZeros,
  ∀ (ps : Finset ℕ), (∀ p ∈ ps, Nat.Prime p) → ps.Nonempty → 0 < ∑ p ∈ ps, amplitudeDefect (↑p) ρ.re
info: RequestProject/HarmonicDiagnostics.lean:735:0: contrast_defect : ∀ ρ_on ∈ ZD.OnLineZeros,
  ∀ ρ_off ∈ ZD.OffLineZeros, amplitudeDefect (π / 3) ρ_on.re = 0 ∧ 0 < amplitudeDefect (π / 3) ρ_off.re
info: RequestProject/HarmonicDiagnostics.lean:736:0: contrast_ratio : ∀ ρ_on ∈ ZD.OnLineZeros,
  ∀ ρ_off ∈ ZD.OffLineZeros, envelopeRatio (π / 3) ρ_on.re = 1 ∧ 1 < envelopeRatio (π / 3) ρ_off.re
ℹ [8730/8780] Replayed RequestProject.WeilCoshPairPositivity
info: RequestProject/WeilCoshPairPositivity.lean:78:0: 'ZD.WeilPositivity.gaussianPairDefect_nonzero_of_ne_half' depends on axioms: [propext, Classical.choice, Quot.sound]
info: RequestProject/WeilCoshPairPositivity.lean:79:0: 'ZD.WeilPositivity.gaussianPairDefect_pos_of_ne_half' depends on axioms: [propext, Classical.choice, Quot.sound]
⚠ [8731/8780] Replayed RequestProject.WeilCoshPairPositivity_RouteBeta
warning: RequestProject/WeilCoshPairPositivity_RouteBeta.lean:104:8: This simp argument is unused:
  h

Hint: Omit it from the simp argument list.
  [apply] simp

Note: This linter can be disabled with `set_option linter.unusedSimpArgs false`
warning: RequestProject/WeilCoshPairPositivity_RouteBeta.lean:115:8: This simp argument is unused:
  h

Hint: Omit it from the simp argument list.
  [apply] simp

Note: This linter can be disabled with `set_option linter.unusedSimpArgs false`
warning: RequestProject/WeilCoshPairPositivity_RouteBeta.lean:212:77: 'push_cast' tactic does nothing

Note: This linter can be disabled with `set_option linter.unusedTactic false`
info: RequestProject/WeilCoshPairPositivity_RouteBeta.lean:235:0: 'ZD.WeilPositivity.oddChannel_closed_form' depends on axioms: [propext, Classical.choice, Quot.sound]
info: RequestProject/WeilCoshPairPositivity_RouteBeta.lean:487:0: 'ZD.WeilPositivity.evenChannel_closed_form' depends on axioms: [propext, Classical.choice, Quot.sound]
⚠ [8732/8780] Replayed RequestProject.WeilCoshTest
warning: RequestProject/WeilCoshTest.lean:69:40: Variable name `hk` is not explicitly referenced.

Hint: The binding can be removed (if unused) or named `_` (if used implicitly). Alternatively, prefix the name with `_` to silence this warning:
  [apply] _hk

Note: This linter can be disabled with `set_option linter.unusedVariables false`
info: RequestProject/WeilCoshTest.lean:184:0: 'ZD.coshTest_even' depends on axioms: [propext, Classical.choice, Quot.sound]
info: RequestProject/WeilCoshTest.lean:185:0: 'ZD.coshTest_at_half' depends on axioms: [propext, Classical.choice, Quot.sound]
info: RequestProject/WeilCoshTest.lean:186:0: 'ZD.weilRHS_prime_coshTest_summand' depends on axioms: [propext, Classical.choice, Quot.sound]
info: RequestProject/WeilCoshTest.lean:187:0: 'ZD.coshGaussTest_even' depends on axioms: [propext, Classical.choice, Quot.sound]
info: RequestProject/WeilCoshTest.lean:188:0: 'ZD.weilRHS_prime_coshGaussTest_summand' depends on axioms: [propext, Classical.choice, Quot.sound]
info: RequestProject/WeilCoshTest.lean:284:0: 'ZD.weilLHS_gaussian_zero_sum_closed_form' depends on axioms: [propext, Classical.choice, Quot.sound]
info: RequestProject/WeilCoshTest.lean:285:0: 'ZD.weilLHS_inv_quarter_plus_sq_eq_mellin_sum' depends on axioms: [propext, Classical.choice, Quot.sound]
info: RequestProject/WeilCoshTest.lean:286:0: 'ZD.weil_gaussian_pair_zero_side' depends on axioms: [propext, Classical.choice, Quot.sound]
info: RequestProject/WeilCoshTest.lean:364:0: 'ZD.gaussian_weil_pair_identity' depends on axioms: [propext, Classical.choice, Quot.sound]
info: RequestProject/WeilCoshTest.lean:365:0: 'ZD.mellin_weil_pair_identity' depends on axioms: [propext, Classical.choice, Quot.sound]
info: RequestProject/WeilCoshTest.lean:437:0: 'ZD.I_theta_gaussian_normSq_critical_line' depends on axioms: [propext, Classical.choice, Quot.sound]
info: RequestProject/WeilCoshTest.lean:438:0: 'ZD.I_theta_gaussian_L2_norm_critical_line' depends on axioms: [propext, Classical.choice, Quot.sound]
⚠ [8733/8780] Replayed RequestProject.WeilContour
info: RequestProject/WeilContour.lean:81:0: 'ZD.WeilPositivity.Contour.mellin_gaussian' depends on axioms: [propext, Classical.choice, Quot.sound]
info: RequestProject/WeilContour.lean:132:0: 'ZD.WeilPositivity.Contour.mellin_gaussian_convergent' depends on axioms: [propext, Classical.choice, Quot.sound]
info: RequestProject/WeilContour.lean:175:0: 'ZD.WeilPositivity.Contour.mellin_gaussian_differentiableAt' depends on axioms: [propext, Classical.choice, Quot.sound]
info: RequestProject/WeilContour.lean:228:0: 'ZD.WeilPositivity.Contour.mellin_gaussian_scaled' depends on axioms: [propext, Classical.choice, Quot.sound]
info: RequestProject/WeilContour.lean:240:0: 'ZD.WeilPositivity.Contour.mellin_psi_gaussian_sq' depends on axioms: [propext, Classical.choice, Quot.sound]
info: RequestProject/WeilContour.lean:270:0: 'ZD.WeilPositivity.Contour.neg_zeta_log_deriv_eq_vonMangoldt_LSeries' depends on axioms: [propext,
 Classical.choice,
 Quot.sound]
info: RequestProject/WeilContour.lean:296:0: 'ZD.WeilPositivity.Contour.zeta_residue_one' depends on axioms: [propext, Classical.choice, Quot.sound]
info: RequestProject/WeilContour.lean:297:0: 'ZD.WeilPositivity.Contour.zeta_differentiableAt_of_ne_one' depends on axioms: [propext, Classical.choice, Quot.sound]
info: RequestProject/WeilContour.lean:318:0: 'ZD.WeilPositivity.Contour.zeta_functional_equation' depends on axioms: [propext, Classical.choice, Quot.sound]
info: RequestProject/WeilContour.lean:334:0: 'ZD.WeilPositivity.Contour.zeta_dirichlet_series' depends on axioms: [propext, Classical.choice, Quot.sound]
info: RequestProject/WeilContour.lean:352:0: 'ZD.WeilPositivity.Contour.zeta_ne_zero_of_one_le_re' depends on axioms: [propext, Classical.choice, Quot.sound]
info: RequestProject/WeilContour.lean:353:0: 'ZD.WeilPositivity.Contour.zeta_ne_zero_of_one_lt_re' depends on axioms: [propext, Classical.choice, Quot.sound]
info: RequestProject/WeilContour.lean:363:0: 'ZD.WeilPositivity.Contour.zeta_at_zero' depends on axioms: [propext, Classical.choice, Quot.sound]
info: RequestProject/WeilContour.lean:398:0: 'ZD.WeilPositivity.Contour.fourier_gaussian_unit' depends on axioms: [propext, Classical.choice, Quot.sound]
info: RequestProject/WeilContour.lean:399:0: 'ZD.WeilPositivity.Contour.fourier_gaussian_scaled' depends on axioms: [propext, Classical.choice, Quot.sound]
info: RequestProject/WeilContour.lean:432:0: 'ZD.WeilPositivity.Contour.mellin_gaussian_at_one' depends on axioms: [propext, Classical.choice, Quot.sound]
info: RequestProject/WeilContour.lean:463:0: 'ZD.WeilPositivity.Contour.cauchy_rectangle_integral_zero' depends on axioms: [propext, Classical.choice, Quot.sound]
info: RequestProject/WeilContour.lean:492:0: 'ZD.WeilPositivity.Contour.gamma_half_decay' depends on axioms: [propext, Classical.choice, Quot.sound]
info: RequestProject/WeilContour.lean:519:0: 'ZD.WeilPositivity.Contour.mellin_inversion_eq' depends on axioms: [propext, Classical.choice, Quot.sound]
info: RequestProject/WeilContour.lean:537:0: 'ZD.WeilPositivity.Contour.zeta_eq_completed_div_gammaℝ' depends on axioms: [propext, Classical.choice, Quot.sound]
info: RequestProject/WeilContour.lean:549:0: 'ZD.WeilPositivity.Contour.completed_eq_gammaℝ_mul_zeta' depends on axioms: [propext, Classical.choice, Quot.sound]
info: RequestProject/WeilContour.lean:571:0: 'ZD.WeilPositivity.Contour.gammaℝ_ne_zero_of_re_pos' depends on axioms: [propext, Classical.choice, Quot.sound]
info: RequestProject/WeilContour.lean:572:0: 'ZD.WeilPositivity.Contour.gammaℝ_eq_zero_iff' depends on axioms: [propext, Classical.choice, Quot.sound]
info: RequestProject/WeilContour.lean:597:0: 'ZD.WeilPositivity.Contour.I_theta_psi_mellin_eq_completedRiemannZeta₀' depends on axioms: [propext,
 Classical.choice,
 Quot.sound]
info: RequestProject/WeilContour.lean:609:0: 'ZD.WeilPositivity.Contour.I_theta_psi_mellin_at_zero' depends on axioms: [propext, Classical.choice, Quot.sound]
info: RequestProject/WeilContour.lean:654:0: 'ZD.WeilPositivity.Contour.gaussian_pair_identity_of_WeilFormula' depends on axioms: [propext,
 Classical.choice,
 Quot.sound]
info: RequestProject/WeilContour.lean:718:0: 'ZD.WeilPositivity.Contour.pair_cosh_gauss_test_cosh_expansion' depends on axioms: [propext,
 Classical.choice,
 Quot.sound]
info: RequestProject/WeilContour.lean:792:0: 'ZD.WeilPositivity.Contour.pair_cosh_gauss_fourier' depends on axioms: [propext, Classical.choice, Quot.sound]
info: RequestProject/WeilContour.lean:793:0: 'ZD.WeilPositivity.Contour.pair_cosh_gauss_fourier_at_zero' depends on axioms: [propext, Classical.choice, Quot.sound]
info: RequestProject/WeilContour.lean:897:0: 'ZD.WeilPositivity.Contour.simple_zero_factor' depends on axioms: [propext, Classical.choice, Quot.sound]
info: RequestProject/WeilContour.lean:898:0: 'ZD.WeilPositivity.Contour.logDeriv_simple_pole' depends on axioms: [propext, Classical.choice, Quot.sound]
info: RequestProject/WeilContour.lean:952:0: 'ZD.WeilPositivity.Contour.rectContourIntegral' depends on axioms: [propext, Classical.choice, Quot.sound]
info: RequestProject/WeilContour.lean:953:0: 'ZD.WeilPositivity.Contour.rectContourIntegral_eq_zero_of_differentiableOn' depends on axioms: [propext,
 Classical.choice,
 Quot.sound]
info: RequestProject/WeilContour.lean:998:0: 'ZD.WeilPositivity.Contour.zeta_FE_reciprocal' depends on axioms: [propext, Classical.choice, Quot.sound]
info: RequestProject/WeilContour.lean:1031:2: Try this:
  [apply] ring_nf
  
  The `ring` tactic failed to close the goal. Use `ring_nf` to obtain a normal form.
    
  Note that `ring` works primarily in *commutative* rings. If you have a noncommutative ring, abelian group or module, consider using `noncomm_ring`, `abel` or `module` instead.
info: RequestProject/WeilContour.lean:1033:0: 'ZD.WeilPositivity.Contour.completedZeta_norm_reflect' depends on axioms: [propext, Classical.choice, Quot.sound]
info: RequestProject/WeilContour.lean:1034:0: 'ZD.WeilPositivity.Contour.completedZeta_left_edge_via_FE' depends on axioms: [propext, Classical.choice, Quot.sound]
info: RequestProject/WeilContour.lean:1074:0: 'ZD.WeilPositivity.Contour.vonMangoldt_LSeries_eq_neg_logDeriv_zeta' depends on axioms: [propext,
 Classical.choice,
 Quot.sound]
info: RequestProject/WeilContour.lean:1075:0: 'ZD.WeilPositivity.Contour.vonMangoldt_LSeries_eq_neg_logDeriv' depends on axioms: [propext,
 Classical.choice,
 Quot.sound]
info: RequestProject/WeilContour.lean:1076:0: 'ZD.WeilPositivity.Contour.zeta_ne_zero_one_lt' depends on axioms: [propext, Classical.choice, Quot.sound]
info: RequestProject/WeilContour.lean:1129:0: 'ZD.WeilPositivity.Contour.weilIntegrand' depends on axioms: [propext, Classical.choice, Quot.sound]
info: RequestProject/WeilContour.lean:1130:0: 'ZD.WeilPositivity.Contour.weilIntegrand_eq_vonMangoldt_LSeries' depends on axioms: [propext,
 Classical.choice,
 Quot.sound]
info: RequestProject/WeilContour.lean:1131:0: 'ZD.WeilPositivity.Contour.weilIntegrand_differentiableAt' depends on axioms: [propext, Classical.choice, Quot.sound]
info: RequestProject/WeilContour.lean:1172:0: 'ZD.WeilPositivity.Contour.pairTestMellin' depends on axioms: [propext, Classical.choice, Quot.sound]
info: RequestProject/WeilContour.lean:1173:0: 'ZD.WeilPositivity.Contour.pairTestMellin_at_one' depends on axioms: [propext, Classical.choice, Quot.sound]
info: RequestProject/WeilContour.lean:1236:0: 'ZD.WeilPositivity.Contour.weilIntegrand_laurent_at_simple_zero' depends on axioms: [propext,
 Classical.choice,
 Quot.sound]
info: RequestProject/WeilContour.lean:1272:0: 'ZD.WeilPositivity.Contour.polar_part_circle_integral' depends on axioms: [propext, Classical.choice, Quot.sound]
info: RequestProject/WeilContour.lean:1335:0: 'ZD.WeilPositivity.Contour.weilIntegrand_circle_integral_from_decomposition' depends on axioms: [propext,
 Classical.choice,
 Quot.sound]
warning: RequestProject/WeilContour.lean:1360:5: Variable name `hh_diff` is not explicitly referenced.

Hint: The binding can be removed (if unused) or named `_` (if used implicitly). Alternatively, prefix the name with `_` to silence this warning:
  [apply] _hh_diff

Note: This linter can be disabled with `set_option linter.unusedVariables false`
info: RequestProject/WeilContour.lean:1400:0: 'ZD.WeilPositivity.Contour.weilIntegrand_sphere_decomposition_from_factorization' depends on axioms: [propext,
 Classical.choice,
 Quot.sound]
info: RequestProject/WeilContour.lean:1501:0: 'ZD.WeilPositivity.Contour.weilIntegrand_circle_integral_at_simple_zero' depends on axioms: [propext,
 Classical.choice,
 Quot.sound]
info: RequestProject/WeilContour.lean:1557:0: 'ZD.WeilPositivity.Contour.completedRiemannZeta_deriv_FE' depends on axioms: [propext, Classical.choice, Quot.sound]
warning: RequestProject/WeilContour.lean:1579:5: Variable name `hξ_ne` is not explicitly referenced.

Hint: The binding can be removed (if unused) or named `_` (if used implicitly). Alternatively, prefix the name with `_` to silence this warning:
  [apply] _hξ_ne

Note: This linter can be disabled with `set_option linter.unusedVariables false`
info: RequestProject/WeilContour.lean:1587:0: 'ZD.WeilPositivity.Contour.completedRiemannZeta_logDeriv_FE' depends on axioms: [propext, Classical.choice, Quot.sound]
info: RequestProject/WeilContour.lean:1733:0: 'ZD.WeilPositivity.Contour.zeta_logDeriv_arch_form' depends on axioms: [propext, Classical.choice, Quot.sound]
info: RequestProject/WeilContour.lean:1841:0: 'ZD.WeilPositivity.Contour.pair_axes_sum' depends on axioms: [propext, Classical.choice, Quot.sound]
info: RequestProject/WeilContour.lean:1842:0: 'ZD.WeilPositivity.Contour.pair_axes_midpoint' depends on axioms: [propext, Classical.choice, Quot.sound]
info: RequestProject/WeilContour.lean:1843:0: 'ZD.WeilPositivity.Contour.pair_strip_width' depends on axioms: [propext, Classical.choice, Quot.sound]
info: RequestProject/WeilContour.lean:1844:0: 'ZD.WeilPositivity.Contour.pair_half_strip' depends on axioms: [propext, Classical.choice, Quot.sound]
info: RequestProject/WeilContour.lean:1845:0: 'ZD.WeilPositivity.Contour.cosh_pair_sinh_factor' depends on axioms: [propext, Classical.choice, Quot.sound]
info: RequestProject/WeilContour.lean:1846:0: 'ZD.WeilPositivity.Contour.cosh_pair_sinh_factor_sq' depends on axioms: [propext, Classical.choice, Quot.sound]
info: RequestProject/WeilContour.lean:1925:0: 'ZD.WeilPositivity.Contour.coshGaussMellin' depends on axioms: [propext, Classical.choice, Quot.sound]
info: RequestProject/WeilContour.lean:1926:0: 'ZD.WeilPositivity.Contour.gaussMellin' depends on axioms: [propext, Classical.choice, Quot.sound]
info: RequestProject/WeilContour.lean:1927:0: 'ZD.WeilPositivity.Contour.coshGaussMellin_zero' depends on axioms: [propext, Classical.choice, Quot.sound]
info: RequestProject/WeilContour.lean:1928:0: 'ZD.WeilPositivity.Contour.coshGaussMellin_neg' depends on axioms: [propext, Classical.choice, Quot.sound]
info: RequestProject/WeilContour.lean:1929:0: 'ZD.WeilPositivity.Contour.pair_coeffs_sum' depends on axioms: [propext, Classical.choice, Quot.sound]
info: RequestProject/WeilContour.lean:1930:0: 'ZD.WeilPositivity.Contour.pair_coeffs_diff' depends on axioms: [propext, Classical.choice, Quot.sound]
info: RequestProject/WeilContour.lean:1931:0: 'ZD.WeilPositivity.Contour.pair_coeffs_constant_plus_beta' depends on axioms: [propext, Classical.choice, Quot.sound]
info: RequestProject/WeilContour.lean:1932:0: 'ZD.WeilPositivity.Contour.pair_coeffs_constant_minus_beta' depends on axioms: [propext, Classical.choice, Quot.sound]
info: RequestProject/WeilContour.lean:2077:0: 'ZD.WeilPositivity.Contour.pair_test_mellin_integrand_expansion' depends on axioms: [propext,
 Classical.choice,
 Quot.sound]
info: RequestProject/WeilContour.lean:2078:0: 'ZD.WeilPositivity.Contour.pairTestMellin_cosh_expansion' depends on axioms: [propext, Classical.choice, Quot.sound]
info: RequestProject/WeilContour.lean:2198:0: 'ZD.WeilPositivity.Contour.coshGauss_isBigO_exp_neg_atTop' depends on axioms: [propext, Classical.choice, Quot.sound]
info: RequestProject/WeilContour.lean:2199:0: 'ZD.WeilPositivity.Contour.coshGauss_isBigO_one_nhds_zero' depends on axioms: [propext, Classical.choice, Quot.sound]
info: RequestProject/WeilContour.lean:2200:0: 'ZD.WeilPositivity.Contour.mellinConvergent_coshGauss' depends on axioms: [propext, Classical.choice, Quot.sound]
info: RequestProject/WeilContour.lean:2243:0: 'ZD.WeilPositivity.Contour.integral_exp_neg_two_sq_plus_linear' depends on axioms: [propext,
 Classical.choice,
 Quot.sound]
warning: RequestProject/WeilContour.lean:2282:6: `push_neg` has been deprecated. Prefer using `push Not` instead.
If you'd rather continue using `push_neg` in your project, you can implement it as follows:
```
open Lean.Parser.Tactic in
macro "push_neg" cfg:optConfig loc:(location)? : tactic =>
  `(tactic| push $cfg:optConfig Not $[$loc]?)
```
info: RequestProject/WeilContour.lean:2317:0: 'ZD.WeilPositivity.Contour.integrable_exp_neg_two_sq_plus_linear' depends on axioms: [propext,
 Classical.choice,
 Quot.sound]
info: RequestProject/WeilContour.lean:2318:0: 'ZD.WeilPositivity.Contour.coshGaussMellin_at_one' depends on axioms: [propext, Classical.choice, Quot.sound]
info: RequestProject/WeilContour.lean:2339:0: 'ZD.WeilPositivity.Contour.weil_circle_integral_per_zero' depends on axioms: [propext, Classical.choice, Quot.sound]
info: RequestProject/WeilContour.lean:2383:0: 'ZD.WeilPositivity.Contour.weilIntegrand_arch_decomposition' depends on axioms: [propext, Classical.choice, Quot.sound]
info: RequestProject/WeilContour.lean:2413:0: 'ZD.WeilPositivity.Contour.riemannZeta_pole_at_one' depends on axioms: [propext, Classical.choice, Quot.sound]
info: RequestProject/WeilContour.lean:2414:0: 'ZD.WeilPositivity.Contour.weilIntegrand_pole_at_one_residue_symbolic' depends on axioms: [propext,
 Classical.choice,
 Quot.sound]
info: RequestProject/WeilContour.lean:2441:0: 'ZD.WeilPositivity.Contour.pair_test_nonneg_at' depends on axioms: [propext, Classical.choice, Quot.sound]
info: RequestProject/WeilContour.lean:2442:0: 'ZD.WeilPositivity.Contour.pairTestMellin_at_half_one' depends on axioms: [propext, Classical.choice, Quot.sound]
info: RequestProject/WeilContour.lean:2443:0: 'ZD.WeilPositivity.Contour.pairTestMellin_at_one_pos_of_ne_half' depends on axioms: [propext,
 Classical.choice,
 Quot.sound]
warning: RequestProject/WeilContour.lean:2468:45: Variable name `β` is not explicitly referenced.

Hint: The binding can be removed (if unused) or named `_` (if used implicitly). Alternatively, prefix the name with `_` to silence this warning:
  [apply] _β

Note: This linter can be disabled with `set_option linter.unusedVariables false`
info: RequestProject/WeilContour.lean:2477:0: 'ZD.WeilPositivity.Contour.weil_formula_assembly_unconditional' depends on axioms: [propext,
 Classical.choice,
 Quot.sound]
info: RequestProject/WeilContour.lean:2527:0: 'ZD.WeilPositivity.Contour.coshGaussMellin_differentiableAt' depends on axioms: [propext, Classical.choice, Quot.sound]
info: RequestProject/WeilContour.lean:2541:0: 'ZD.WeilPositivity.Contour.gaussMellin_differentiableAt' depends on axioms: [propext, Classical.choice, Quot.sound]
info: RequestProject/WeilContour.lean:2609:0: 'ZD.WeilPositivity.Contour.pairTestMellin_differentiableAt' depends on axioms: [propext, Classical.choice, Quot.sound]
⚠ [8734/8780] Replayed RequestProject.WeilContourMultiplicity
info: RequestProject/WeilContourMultiplicity.lean:77:0: 'ZD.WeilPositivity.Contour.zero_factor_of_order' depends on axioms: [propext, Classical.choice, Quot.sound]
info: RequestProject/WeilContourMultiplicity.lean:152:0: 'ZD.WeilPositivity.Contour.logDeriv_pole_of_order' depends on axioms: [propext, Classical.choice, Quot.sound]
info: RequestProject/WeilContourMultiplicity.lean:182:0: 'ZD.WeilPositivity.Contour.weilIntegrand_laurent_at_zero_of_order' depends on axioms: [propext,
 Classical.choice,
 Quot.sound]
info: RequestProject/WeilContourMultiplicity.lean:245:0: 'ZD.WeilPositivity.Contour.weilIntegrand_circle_integral_from_decomposition_of_order' depends on axioms: [propext,
 Classical.choice,
 Quot.sound]
warning: RequestProject/WeilContourMultiplicity.lean:261:5: Variable name `hh_diff` is not explicitly referenced.

Hint: The binding can be removed (if unused) or named `_` (if used implicitly). Alternatively, prefix the name with `_` to silence this warning:
  [apply] _hh_diff

Note: This linter can be disabled with `set_option linter.unusedVariables false`
info: RequestProject/WeilContourMultiplicity.lean:312:0: 'ZD.WeilPositivity.Contour.weilIntegrand_sphere_decomposition_from_factorization_of_order' depends on axioms: [propext,
 Classical.choice,
 Quot.sound]
info: RequestProject/WeilContourMultiplicity.lean:399:0: 'ZD.WeilPositivity.Contour.weilIntegrand_circle_integral_at_zero_of_order' depends on axioms: [propext,
 Classical.choice,
 Quot.sound]
info: RequestProject/WeilContourMultiplicity.lean:425:0: 'ZD.WeilPositivity.Contour.weil_circle_integral_per_zero_of_order' depends on axioms: [propext,
 Classical.choice,
 Quot.sound]
info: RequestProject/WeilContourMultiplicity.lean:468:0: 'ZD.WeilPositivity.Contour.riemannZeta_not_eventually_zero_of_ne_one' depends on axioms: [propext,
 Classical.choice,
 Quot.sound]
info: RequestProject/WeilContourMultiplicity.lean:514:0: 'ZD.WeilPositivity.Contour.analyticOrderAt_riemannZeta_nontrivialZero_pos_nat' depends on axioms: [propext,
 Classical.choice,
 Quot.sound]
info: RequestProject/WeilContourMultiplicity.lean:525:0: 'ZD.WeilPositivity.Contour.analyticOrderAt_riemannZeta_nontrivialZero_pos_nat_target_holds' depends on axioms: [propext,
 Classical.choice,
 Quot.sound]
warning: RequestProject/WeilContourMultiplicity.lean:541:8: `ENat.one_le_iff_ne_zero` has been deprecated: Use `Order.one_le_iff_ne_zero` instead

Note: The updated constant has a different type:
  ∀ {α : Type u_1} {x : α} [inst : PartialOrder α] [inst_1 : AddMonoidWithOne α] [NeZero 1] [SuccAddOrder α]
    [IsBotZeroClass α], 1 ≤ x ↔ x ≠ 0
instead of
  ∀ {n : ℕ∞}, 1 ≤ n ↔ n ≠ 0

Note: The updated constant is in a different namespace. Dot notation may need to be changed (e.g., from `x.one_le_iff_ne_zero` to `Order.one_le_iff_ne_zero x`).
info: RequestProject/WeilContourMultiplicity.lean:617:0: 'ZD.WeilPositivity.Contour.weilIntegrand_residue_form_at_zero_of_order' depends on axioms: [propext,
 Classical.choice,
 Quot.sound]
⚠ [8735/8780] Replayed RequestProject.ZetaBoundHelpers
warning: RequestProject/ZetaBoundHelpers.lean:18:5: Variable name `hf` is not explicitly referenced.

Hint: The binding can be removed (if unused) or named `_` (if used implicitly). Alternatively, prefix the name with `_` to silence this warning:
  [apply] _hf

Note: This linter can be disabled with `set_option linter.unusedVariables false`
warning: RequestProject/ZetaBoundHelpers.lean:26:17: This simp argument is unused:
  Complex.normSq_eq_norm_sq

Hint: Omit it from the simp argument list.
  [apply] simp +decide [Complex.norm_cpow_of_ne_zero, ht.ne', mul_comm]

Note: This linter can be disabled with `set_option linter.unusedSimpArgs false`
warning: RequestProject/ZetaBoundHelpers.lean:47:49: Variable name `hσ0` is not explicitly referenced.

Hint: The binding can be removed (if unused) or named `_` (if used implicitly). Alternatively, prefix the name with `_` to silence this warning:
  [apply] _hσ0

Note: This linter can be disabled with `set_option linter.unusedVariables false`
info: RequestProject/ZetaBoundHelpers.lean:117:87: Try this:
  [apply] ring_nf
  
  The `ring` tactic failed to close the goal. Use `ring_nf` to obtain a normal form.
    
  Note that `ring` works primarily in *commutative* rings. If you have a noncommutative ring, abelian group or module, consider using `noncomm_ring`, `abel` or `module` instead.
warning: RequestProject/ZetaBoundHelpers.lean:113:113: This simp argument is unused:
  neg_zero

Hint: Omit it from the simp argument list.
  [apply] simp only [Complex.ofReal_zero, zero_pow, ne_eq, OfNat.ofNat_ne_zero, not_false_eq_true, mul_zero, zero_mul,
    Complex.exp_zero, one_mul] at hdef

Note: This linter can be disabled with `set_option linter.unusedSimpArgs false`
info: RequestProject/ZetaBoundHelpers.lean:132:54: Try this:
  [apply] ring_nf
  
  The `ring` tactic failed to close the goal. Use `ring_nf` to obtain a normal form.
    
  Note that `ring` works primarily in *commutative* rings. If you have a noncommutative ring, abelian group or module, consider using `noncomm_ring`, `abel` or `module` instead.
info: RequestProject/ZetaBoundHelpers.lean:156:73: Try this:
  [apply] ring_nf
  
  The `ring` tactic failed to close the goal. Use `ring_nf` to obtain a normal form.
    
  Note that `ring` works primarily in *commutative* rings. If you have a noncommutative ring, abelian group or module, consider using `noncomm_ring`, `abel` or `module` instead.
info: RequestProject/ZetaBoundHelpers.lean:234:139: Try this:
  [apply] ring_nf
  
  The `ring` tactic failed to close the goal. Use `ring_nf` to obtain a normal form.
    
  Note that `ring` works primarily in *commutative* rings. If you have a noncommutative ring, abelian group or module, consider using `noncomm_ring`, `abel` or `module` instead.
info: RequestProject/ZetaBoundHelpers.lean:235:111: Try this:
  [apply] ring_nf
  
  The `ring` tactic failed to close the goal. Use `ring_nf` to obtain a normal form.
    
  Note that `ring` works primarily in *commutative* rings. If you have a noncommutative ring, abelian group or module, consider using `noncomm_ring`, `abel` or `module` instead.
info: RequestProject/ZetaBoundHelpers.lean:236:165: Try this:
  [apply] ring_nf
  
  The `ring` tactic failed to close the goal. Use `ring_nf` to obtain a normal form.
    
  Note that `ring` works primarily in *commutative* rings. If you have a noncommutative ring, abelian group or module, consider using `noncomm_ring`, `abel` or `module` instead.
info: RequestProject/ZetaBoundHelpers.lean:237:122: Try this:
  [apply] ring_nf
  
  The `ring` tactic failed to close the goal. Use `ring_nf` to obtain a normal form.
    
  Note that `ring` works primarily in *commutative* rings. If you have a noncommutative ring, abelian group or module, consider using `noncomm_ring`, `abel` or `module` instead.
info: RequestProject/ZetaBoundHelpers.lean:238:85: Try this:
  [apply] ring_nf
  
  The `ring` tactic failed to close the goal. Use `ring_nf` to obtain a normal form.
    
  Note that `ring` works primarily in *commutative* rings. If you have a noncommutative ring, abelian group or module, consider using `noncomm_ring`, `abel` or `module` instead.
info: RequestProject/ZetaBoundHelpers.lean:239:144: Try this:
  [apply] ring_nf
  
  The `ring` tactic failed to close the goal. Use `ring_nf` to obtain a normal form.
    
  Note that `ring` works primarily in *commutative* rings. If you have a noncommutative ring, abelian group or module, consider using `noncomm_ring`, `abel` or `module` instead.
warning: RequestProject/ZetaBoundHelpers.lean:229:191: This simp argument is unused:
  hx.2.ne'

Hint: Omit it from the simp argument list.
  [apply] simp +decide [hx.1.ne', mul_assoc, mul_comm, mul_left_comm]

Note: This linter can be disabled with `set_option linter.unusedSimpArgs false`
warning: RequestProject/ZetaBoundHelpers.lean:229:201: This simp argument is unused:
  mul_assoc

Hint: Omit it from the simp argument list.
  [apply] simp +decide [hx.1.ne', hx.2.ne', mul_comm, mul_left_comm]

Note: This linter can be disabled with `set_option linter.unusedSimpArgs false`
warning: RequestProject/ZetaBoundHelpers.lean:229:222: This simp argument is unused:
  mul_left_comm

Hint: Omit it from the simp argument list.
  [apply] simp +decide [hx.1.ne', hx.2.ne', mul_assoc, mul_comm]

Note: This linter can be disabled with `set_option linter.unusedSimpArgs false`
⚠ [8736/8780] Replayed RequestProject.ZetaBound
warning: RequestProject/ZetaBound.lean:127:39: Variable name `him` is not explicitly referenced.

Hint: The binding can be removed (if unused) or named `_` (if used implicitly). Alternatively, prefix the name with `_` to silence this warning:
  [apply] _him

Note: This linter can be disabled with `set_option linter.unusedVariables false`
warning: RequestProject/ZetaBound.lean:156:2: `push_neg` has been deprecated. Prefer using `push Not` instead.
If you'd rather continue using `push_neg` in your project, you can implement it as follows:
```
open Lean.Parser.Tactic in
macro "push_neg" cfg:optConfig loc:(location)? : tactic =>
  `(tactic| push $cfg:optConfig Not $[$loc]?)
```
⚠ [8737/8780] Replayed RequestProject.XiOverPGrowth
warning: RequestProject/XiOverPGrowth.lean:260:4: `push_neg` has been deprecated. Prefer using `push Not` instead.
If you'd rather continue using `push_neg` in your project, you can implement it as follows:
```
open Lean.Parser.Tactic in
macro "push_neg" cfg:optConfig loc:(location)? : tactic =>
  `(tactic| push $cfg:optConfig Not $[$loc]?)
```
warning: RequestProject/XiOverPGrowth.lean:743:40: `Set.mem_setOf_eq` has been deprecated: Use `Set.mem_ofPred_eq` instead
warning: RequestProject/XiOverPGrowth.lean:780:42: `Set.mem_setOf_eq` has been deprecated: Use `Set.mem_ofPred_eq` instead
warning: RequestProject/XiOverPGrowth.lean:1144:4: `push_neg` has been deprecated. Prefer using `push Not` instead.
If you'd rather continue using `push_neg` in your project, you can implement it as follows:
```
open Lean.Parser.Tactic in
macro "push_neg" cfg:optConfig loc:(location)? : tactic =>
  `(tactic| push $cfg:optConfig Not $[$loc]?)
```
warning: RequestProject/XiOverPGrowth.lean:1272:12: `circleIntegrable_posLog_norm_meromorphicOn` has been deprecated: Use `MeromorphicOn.circleIntegrable_posLog_norm` instead
warning: RequestProject/XiOverPGrowth.lean:1279:22: `circleIntegrable_posLog_norm_meromorphicOn` has been deprecated: Use `MeromorphicOn.circleIntegrable_posLog_norm` instead
warning: RequestProject/XiOverPGrowth.lean:1257:25: Variable name `hR` is not explicitly referenced.

Hint: The binding can be removed (if unused) or named `_` (if used implicitly). Alternatively, prefix the name with `_` to silence this warning:
  [apply] _hR

Note: This linter can be disabled with `set_option linter.unusedVariables false`
warning: RequestProject/XiOverPGrowth.lean:1300:12: `circleIntegrable_posLog_norm_meromorphicOn` has been deprecated: Use `MeromorphicOn.circleIntegrable_posLog_norm` instead
warning: RequestProject/XiOverPGrowth.lean:1387:12: `circleIntegrable_posLog_norm_meromorphicOn` has been deprecated: Use `MeromorphicOn.circleIntegrable_posLog_norm` instead
warning: RequestProject/XiOverPGrowth.lean:1534:27: Variable name `hR` is not explicitly referenced.

Hint: The binding can be removed (if unused) or named `_` (if used implicitly). Alternatively, prefix the name with `_` to silence this warning:
  [apply] _hR

Note: This linter can be disabled with `set_option linter.unusedVariables false`
warning: RequestProject/XiOverPGrowth.lean:1761:12: `circleIntegrable_posLog_norm_meromorphicOn` has been deprecated: Use `MeromorphicOn.circleIntegrable_posLog_norm` instead
⚠ [8738/8780] Replayed RequestProject.WeilHadamardOpenPatch
warning: RequestProject/WeilHadamardOpenPatch.lean:66:9: `Set.setOf_and` has been deprecated: Use `Set.ofPred_and` instead
warning: RequestProject/WeilHadamardOpenPatch.lean:430:31: Variable name `hnz` is not explicitly referenced.

Hint: The binding can be removed (if unused) or named `_` (if used implicitly). Alternatively, prefix the name with `_` to silence this warning:
  [apply] _hnz

Note: This linter can be disabled with `set_option linter.unusedVariables false`
warning: RequestProject/WeilHadamardOpenPatch.lean:814:31: Variable name `hnz` is not explicitly referenced.

Hint: The binding can be removed (if unused) or named `_` (if used implicitly). Alternatively, prefix the name with `_` to silence this warning:
  [apply] _hnz

Note: This linter can be disabled with `set_option linter.unusedVariables false`
⚠ [8739/8780] Replayed RequestProject.XiHadamardFactorization
warning: RequestProject/XiHadamardFactorization.lean:82:13: `ENat.coe_toNat` has been deprecated: Use `ENat.natCast_toNat` instead
ℹ [8740/8780] Replayed RequestProject.XiPartialFraction
info: RequestProject/XiPartialFraction.lean:19:0: 'ZD.logDeriv_xiProductMult_partial_fraction' depends on axioms: [propext, Classical.choice, Quot.sound]
info: RequestProject/XiPartialFraction.lean:48:0: 'ZD.xi_logDeriv_partial_fraction' depends on axioms: [propext, Classical.choice, Quot.sound]
ℹ [8742/8780] Replayed RequestProject.VonMangoldtEFStandalone
info: RequestProject/VonMangoldtEFStandalone.lean:589:0: 'VMEFStandalone.euler_pillar' depends on axioms: [propext, Classical.choice, Quot.sound]
info: RequestProject/VonMangoldtEFStandalone.lean:590:0: 'VMEFStandalone.bridge_pillar' depends on axioms: [propext, Classical.choice, Quot.sound]
info: RequestProject/VonMangoldtEFStandalone.lean:593:0: 'VMEFStandalone.hadamard_partial_fraction' depends on axioms: [propext, Classical.choice, Quot.sound]
info: RequestProject/VonMangoldtEFStandalone.lean:594:0: 'VMEFStandalone.vonMangoldt_explicit_formula' depends on axioms: [propext, Classical.choice, Quot.sound]
info: RequestProject/VonMangoldtEFStandalone.lean:595:0: 'VMEFStandalone.vonMangoldt_explicit_formula_LSeries' depends on axioms: [propext, Classical.choice, Quot.sound]
info: RequestProject/VonMangoldtEFStandalone.lean:596:0: 'VMEFStandalone.primeZeroDuality' depends on axioms: [propext, Classical.choice, Quot.sound]
info: RequestProject/VonMangoldtEFStandalone.lean:597:0: 'VMEFStandalone.reflectedPairEnvelope_eq_cosh' depends on axioms: [propext, Classical.choice, Quot.sound]
info: RequestProject/VonMangoldtEFStandalone.lean:598:0: 'VMEFStandalone.reflectedPairEnvelope_const_iff' depends on axioms: [propext, Classical.choice, Quot.sound]
info: RequestProject/VonMangoldtEFStandalone.lean:599:0: 'VMEFStandalone.conditionalRH_from_bounded_envelopes' depends on axioms: [propext, Classical.choice, Quot.sound]
info: RequestProject/VonMangoldtEFStandalone.lean:600:0: 'VMEFStandalone.conditionalRH_from_stationary_envelopes' depends on axioms: [propext, Classical.choice, Quot.sound]
⚠ [8746/8780] Replayed RequestProject.CarrierReachability
warning: RequestProject/CarrierReachability.lean:32:13: `Set.mem_setOf_eq` has been deprecated: Use `Set.mem_ofPred_eq` instead
warning: RequestProject/CarrierReachability.lean:55:2: `push_neg` has been deprecated. Prefer using `push Not` instead.
If you'd rather continue using `push_neg` in your project, you can implement it as follows:
```
open Lean.Parser.Tactic in
macro "push_neg" cfg:optConfig loc:(location)? : tactic =>
  `(tactic| push $cfg:optConfig Not $[$loc]?)
```
ℹ [8747/8780] Replayed RequestProject.ClosedForm
info: RequestProject/ClosedForm.lean:232:378: Try this:
  [apply] ring_nf
  
  The `ring` tactic failed to close the goal. Use `ring_nf` to obtain a normal form.
    
  Note that `ring` works primarily in *commutative* rings. If you have a noncommutative ring, abelian group or module, consider using `noncomm_ring`, `abel` or `module` instead.
info: RequestProject/ClosedForm.lean:233:49: Try this:
  [apply] ring_nf
  
  The `ring` tactic failed to close the goal. Use `ring_nf` to obtain a normal form.
    
  Note that `ring` works primarily in *commutative* rings. If you have a noncommutative ring, abelian group or module, consider using `noncomm_ring`, `abel` or `module` instead.
info: RequestProject/ClosedForm.lean:234:4: Try this:
  [apply] ring_nf
  
  The `ring` tactic failed to close the goal. Use `ring_nf` to obtain a normal form.
    
  Note that `ring` works primarily in *commutative* rings. If you have a noncommutative ring, abelian group or module, consider using `noncomm_ring`, `abel` or `module` instead.
info: RequestProject/ClosedForm.lean:261:75: Try this:
  [apply] ring_nf
  
  The `ring` tactic failed to close the goal. Use `ring_nf` to obtain a normal form.
    
  Note that `ring` works primarily in *commutative* rings. If you have a noncommutative ring, abelian group or module, consider using `noncomm_ring`, `abel` or `module` instead.
info: RequestProject/ClosedForm.lean:262:36: Try this:
  [apply] ring_nf
  
  The `ring` tactic failed to close the goal. Use `ring_nf` to obtain a normal form.
    
  Note that `ring` works primarily in *commutative* rings. If you have a noncommutative ring, abelian group or module, consider using `noncomm_ring`, `abel` or `module` instead.
info: RequestProject/ClosedForm.lean:276:79: Try this:
  [apply] ring_nf
  
  The `ring` tactic failed to close the goal. Use `ring_nf` to obtain a normal form.
    
  Note that `ring` works primarily in *commutative* rings. If you have a noncommutative ring, abelian group or module, consider using `noncomm_ring`, `abel` or `module` instead.
info: RequestProject/ClosedForm.lean:443:86: Try this:
  [apply] ring_nf
  
  The `ring` tactic failed to close the goal. Use `ring_nf` to obtain a normal form.
    
  Note that `ring` works primarily in *commutative* rings. If you have a noncommutative ring, abelian group or module, consider using `noncomm_ring`, `abel` or `module` instead.
info: RequestProject/ClosedForm.lean:444:29: Try this:
  [apply] ring_nf
  
  The `ring` tactic failed to close the goal. Use `ring_nf` to obtain a normal form.
    
  Note that `ring` works primarily in *commutative* rings. If you have a noncommutative ring, abelian group or module, consider using `noncomm_ring`, `abel` or `module` instead.
info: RequestProject/ClosedForm.lean:668:74: Try this:
  [apply] ring_nf
  
  The `ring` tactic failed to close the goal. Use `ring_nf` to obtain a normal form.
    
  Note that `ring` works primarily in *commutative* rings. If you have a noncommutative ring, abelian group or module, consider using `noncomm_ring`, `abel` or `module` instead.
info: RequestProject/ClosedForm.lean:670:93: Try this:
  [apply] ring_nf
  
  The `ring` tactic failed to close the goal. Use `ring_nf` to obtain a normal form.
    
  Note that `ring` works primarily in *commutative* rings. If you have a noncommutative ring, abelian group or module, consider using `noncomm_ring`, `abel` or `module` instead.
info: RequestProject/ClosedForm.lean:690:183: Try this:
  [apply] ring_nf
  
  The `ring` tactic failed to close the goal. Use `ring_nf` to obtain a normal form.
    
  Note that `ring` works primarily in *commutative* rings. If you have a noncommutative ring, abelian group or module, consider using `noncomm_ring`, `abel` or `module` instead.
info: RequestProject/ClosedForm.lean:694:193: Try this:
  [apply] ring_nf
  
  The `ring` tactic failed to close the goal. Use `ring_nf` to obtain a normal form.
    
  Note that `ring` works primarily in *commutative* rings. If you have a noncommutative ring, abelian group or module, consider using `noncomm_ring`, `abel` or `module` instead.
info: RequestProject/ClosedForm.lean:695:206: Try this:
  [apply] ring_nf
  
  The `ring` tactic failed to close the goal. Use `ring_nf` to obtain a normal form.
    
  Note that `ring` works primarily in *commutative* rings. If you have a noncommutative ring, abelian group or module, consider using `noncomm_ring`, `abel` or `module` instead.
info: RequestProject/ClosedForm.lean:696:103: Try this:
  [apply] ring_nf
  
  The `ring` tactic failed to close the goal. Use `ring_nf` to obtain a normal form.
    
  Note that `ring` works primarily in *commutative* rings. If you have a noncommutative ring, abelian group or module, consider using `noncomm_ring`, `abel` or `module` instead.
info: RequestProject/ClosedForm.lean:696:131: Try this:
  [apply] ring_nf
  
  The `ring` tactic failed to close the goal. Use `ring_nf` to obtain a normal form.
    
  Note that `ring` works primarily in *commutative* rings. If you have a noncommutative ring, abelian group or module, consider using `noncomm_ring`, `abel` or `module` instead.
info: RequestProject/ClosedForm.lean:697:66: Try this:
  [apply] ring_nf
  
  The `ring` tactic failed to close the goal. Use `ring_nf` to obtain a normal form.
    
  Note that `ring` works primarily in *commutative* rings. If you have a noncommutative ring, abelian group or module, consider using `noncomm_ring`, `abel` or `module` instead.
info: RequestProject/ClosedForm.lean:697:94: Try this:
  [apply] ring_nf
  
  The `ring` tactic failed to close the goal. Use `ring_nf` to obtain a normal form.
    
  Note that `ring` works primarily in *commutative* rings. If you have a noncommutative ring, abelian group or module, consider using `noncomm_ring`, `abel` or `module` instead.
info: RequestProject/ClosedForm.lean:698:99: Try this:
  [apply] ring_nf
  
  The `ring` tactic failed to close the goal. Use `ring_nf` to obtain a normal form.
    
  Note that `ring` works primarily in *commutative* rings. If you have a noncommutative ring, abelian group or module, consider using `noncomm_ring`, `abel` or `module` instead.
info: RequestProject/ClosedForm.lean:698:127: Try this:
  [apply] ring_nf
  
  The `ring` tactic failed to close the goal. Use `ring_nf` to obtain a normal form.
    
  Note that `ring` works primarily in *commutative* rings. If you have a noncommutative ring, abelian group or module, consider using `noncomm_ring`, `abel` or `module` instead.
info: RequestProject/ClosedForm.lean:702:66: Try this:
  [apply] ring_nf
  
  The `ring` tactic failed to close the goal. Use `ring_nf` to obtain a normal form.
    
  Note that `ring` works primarily in *commutative* rings. If you have a noncommutative ring, abelian group or module, consider using `noncomm_ring`, `abel` or `module` instead.
info: RequestProject/ClosedForm.lean:703:48: Try this:
  [apply] ring_nf
  
  The `ring` tactic failed to close the goal. Use `ring_nf` to obtain a normal form.
    
  Note that `ring` works primarily in *commutative* rings. If you have a noncommutative ring, abelian group or module, consider using `noncomm_ring`, `abel` or `module` instead.
info: RequestProject/ClosedForm.lean:712:135: Try this:
  [apply] ring_nf
  
  The `ring` tactic failed to close the goal. Use `ring_nf` to obtain a normal form.
    
  Note that `ring` works primarily in *commutative* rings. If you have a noncommutative ring, abelian group or module, consider using `noncomm_ring`, `abel` or `module` instead.
info: RequestProject/ClosedForm.lean:845:85: Try this:
  [apply] ring_nf
  
  The `ring` tactic failed to close the goal. Use `ring_nf` to obtain a normal form.
    
  Note that `ring` works primarily in *commutative* rings. If you have a noncommutative ring, abelian group or module, consider using `noncomm_ring`, `abel` or `module` instead.
info: RequestProject/ClosedForm.lean:860:100: Try this:
  [apply] ring_nf
  
  The `ring` tactic failed to close the goal. Use `ring_nf` to obtain a normal form.
    
  Note that `ring` works primarily in *commutative* rings. If you have a noncommutative ring, abelian group or module, consider using `noncomm_ring`, `abel` or `module` instead.
info: RequestProject/ClosedForm.lean:861:160: Try this:
  [apply] ring_nf
  
  The `ring` tactic failed to close the goal. Use `ring_nf` to obtain a normal form.
    
  Note that `ring` works primarily in *commutative* rings. If you have a noncommutative ring, abelian group or module, consider using `noncomm_ring`, `abel` or `module` instead.
info: RequestProject/ClosedForm.lean:862:161: Try this:
  [apply] ring_nf
  
  The `ring` tactic failed to close the goal. Use `ring_nf` to obtain a normal form.
    
  Note that `ring` works primarily in *commutative* rings. If you have a noncommutative ring, abelian group or module, consider using `noncomm_ring`, `abel` or `module` instead.
info: RequestProject/ClosedForm.lean:1297:74: Try this:
  [apply] ring_nf
  
  The `ring` tactic failed to close the goal. Use `ring_nf` to obtain a normal form.
    
  Note that `ring` works primarily in *commutative* rings. If you have a noncommutative ring, abelian group or module, consider using `noncomm_ring`, `abel` or `module` instead.
info: RequestProject/ClosedForm.lean:1306:8: Try this:
  [apply] ring_nf
  
  The `ring` tactic failed to close the goal. Use `ring_nf` to obtain a normal form.
    
  Note that `ring` works primarily in *commutative* rings. If you have a noncommutative ring, abelian group or module, consider using `noncomm_ring`, `abel` or `module` instead.
info: RequestProject/ClosedForm.lean:1318:6: Try this:
  [apply] ring_nf
  
  The `ring` tactic failed to close the goal. Use `ring_nf` to obtain a normal form.
    
  Note that `ring` works primarily in *commutative* rings. If you have a noncommutative ring, abelian group or module, consider using `noncomm_ring`, `abel` or `module` instead.
info: RequestProject/ClosedForm.lean:1320:61: Try this:
  [apply] ring_nf
  
  The `ring` tactic failed to close the goal. Use `ring_nf` to obtain a normal form.
    
  Note that `ring` works primarily in *commutative* rings. If you have a noncommutative ring, abelian group or module, consider using `noncomm_ring`, `abel` or `module` instead.
info: RequestProject/ClosedForm.lean:1321:131: Try this:
  [apply] ring_nf
  
  The `ring` tactic failed to close the goal. Use `ring_nf` to obtain a normal form.
    
  Note that `ring` works primarily in *commutative* rings. If you have a noncommutative ring, abelian group or module, consider using `noncomm_ring`, `abel` or `module` instead.
info: RequestProject/ClosedForm.lean:1322:145: Try this:
  [apply] ring_nf
  
  The `ring` tactic failed to close the goal. Use `ring_nf` to obtain a normal form.
    
  Note that `ring` works primarily in *commutative* rings. If you have a noncommutative ring, abelian group or module, consider using `noncomm_ring`, `abel` or `module` instead.
info: RequestProject/ClosedForm.lean:1323:97: Try this:
  [apply] ring_nf
  
  The `ring` tactic failed to close the goal. Use `ring_nf` to obtain a normal form.
    
  Note that `ring` works primarily in *commutative* rings. If you have a noncommutative ring, abelian group or module, consider using `noncomm_ring`, `abel` or `module` instead.
info: RequestProject/ClosedForm.lean:1453:115: Try this:
  [apply] ring_nf
  
  The `ring` tactic failed to close the goal. Use `ring_nf` to obtain a normal form.
    
  Note that `ring` works primarily in *commutative* rings. If you have a noncommutative ring, abelian group or module, consider using `noncomm_ring`, `abel` or `module` instead.
info: RequestProject/ClosedForm.lean:1555:24: Try this:
  [apply] ring_nf
  
  The `ring` tactic failed to close the goal. Use `ring_nf` to obtain a normal form.
    
  Note that `ring` works primarily in *commutative* rings. If you have a noncommutative ring, abelian group or module, consider using `noncomm_ring`, `abel` or `module` instead.
⚠ [8750/8780] Replayed RequestProject.LFunctionPhasor
warning: RequestProject/LFunctionPhasor.lean:1059:19: `Set.mem_setOf_eq` has been deprecated: Use `Set.mem_ofPred_eq` instead
warning: RequestProject/LFunctionPhasor.lean:1060:55: `Set.mem_setOf_eq` has been deprecated: Use `Set.mem_ofPred_eq` instead
warning: RequestProject/LFunctionPhasor.lean:1061:56: `Set.mem_setOf_eq` has been deprecated: Use `Set.mem_ofPred_eq` instead
warning: RequestProject/LFunctionPhasor.lean:1063:19: `Set.mem_setOf_eq` has been deprecated: Use `Set.mem_ofPred_eq` instead
warning: RequestProject/LFunctionPhasor.lean:1065:19: `Set.mem_setOf_eq` has been deprecated: Use `Set.mem_ofPred_eq` instead
warning: RequestProject/LFunctionPhasor.lean:1067:19: `Set.mem_setOf_eq` has been deprecated: Use `Set.mem_ofPred_eq` instead
warning: RequestProject/LFunctionPhasor.lean:1077:46: `Set.mem_setOf_eq` has been deprecated: Use `Set.mem_ofPred_eq` instead
ℹ [8751/8780] Replayed RequestProject.UnconditionalFrobenius
info: RequestProject/UnconditionalFrobenius.lean:185:115: Try this:
  [apply] ring_nf
  
  The `ring` tactic failed to close the goal. Use `ring_nf` to obtain a normal form.
    
  Note that `ring` works primarily in *commutative* rings. If you have a noncommutative ring, abelian group or module, consider using `noncomm_ring`, `abel` or `module` instead.
ℹ [8754/8780] Replayed RequestProject.CriticalLineBridge
info: RequestProject/CriticalLineBridge.lean:118:60: Try this:
  [apply] ring_nf
  
  The `ring` tactic failed to close the goal. Use `ring_nf` to obtain a normal form.
    
  Note that `ring` works primarily in *commutative* rings. If you have a noncommutative ring, abelian group or module, consider using `noncomm_ring`, `abel` or `module` instead.
ℹ [8756/8780] Replayed RequestProject.FocalEigenheight
info: RequestProject/FocalEigenheight.lean:191:153: Try this:
  [apply] ring_nf
  
  The `ring` tactic failed to close the goal. Use `ring_nf` to obtain a normal form.
    
  Note that `ring` works primarily in *commutative* rings. If you have a noncommutative ring, abelian group or module, consider using `noncomm_ring`, `abel` or `module` instead.
info: RequestProject/FocalEigenheight.lean:193:78: Try this:
  [apply] ring_nf
  
  The `ring` tactic failed to close the goal. Use `ring_nf` to obtain a normal form.
    
  Note that `ring` works primarily in *commutative* rings. If you have a noncommutative ring, abelian group or module, consider using `noncomm_ring`, `abel` or `module` instead.
info: RequestProject/FocalEigenheight.lean:237:51: Try this:
  [apply] ring_nf
  
  The `ring` tactic failed to close the goal. Use `ring_nf` to obtain a normal form.
    
  Note that `ring` works primarily in *commutative* rings. If you have a noncommutative ring, abelian group or module, consider using `noncomm_ring`, `abel` or `module` instead.
info: RequestProject/FocalEigenheight.lean:238:88: Try this:
  [apply] ring_nf
  
  The `ring` tactic failed to close the goal. Use `ring_nf` to obtain a normal form.
    
  Note that `ring` works primarily in *commutative* rings. If you have a noncommutative ring, abelian group or module, consider using `noncomm_ring`, `abel` or `module` instead.
ℹ [8758/8780] Replayed RequestProject.GeometricReadout
info: RequestProject/GeometricReadout.lean:69:65: Try this:
  [apply] ring_nf
  
  The `ring` tactic failed to close the goal. Use `ring_nf` to obtain a normal form.
    
  Note that `ring` works primarily in *commutative* rings. If you have a noncommutative ring, abelian group or module, consider using `noncomm_ring`, `abel` or `module` instead.
info: RequestProject/GeometricReadout.lean:102:36: Try this:
  [apply] ring_nf
  
  The `ring` tactic failed to close the goal. Use `ring_nf` to obtain a normal form.
    
  Note that `ring` works primarily in *commutative* rings. If you have a noncommutative ring, abelian group or module, consider using `noncomm_ring`, `abel` or `module` instead.
⚠ [8759/8780] Replayed RequestProject.WeilDuality
warning: RequestProject/WeilDuality.lean:129:4: `push_neg` has been deprecated. Prefer using `push Not` instead.
If you'd rather continue using `push_neg` in your project, you can implement it as follows:
```
open Lean.Parser.Tactic in
macro "push_neg" cfg:optConfig loc:(location)? : tactic =>
  `(tactic| push $cfg:optConfig Not $[$loc]?)
```
⚠ [8763/8780] Replayed RequestProject.ChiralCup
warning: RequestProject/ChiralCup.lean:79:21: `Finsupp.embDomain_notin_range` has been deprecated: Use `Finsupp.embDomain_of_notMem_range` instead
warning: RequestProject/ChiralCup.lean:85:8: `Finsupp.embDomain_notin_range` has been deprecated: Use `Finsupp.embDomain_of_notMem_range` instead
warning: RequestProject/ChiralCup.lean:87:8: `Finsupp.embDomain_notin_range` has been deprecated: Use `Finsupp.embDomain_of_notMem_range` instead
⚠ [8766/8780] Replayed RequestProject.CarrierScaleCompensation
warning: RequestProject/CarrierScaleCompensation.lean:745:24: `Set.mem_setOf_eq` has been deprecated: Use `Set.mem_ofPred_eq` instead
warning: RequestProject/CarrierScaleCompensation.lean:796:24: `Set.mem_setOf_eq` has been deprecated: Use `Set.mem_ofPred_eq` instead
warning: RequestProject/CarrierScaleCompensation.lean:1173:24: `Set.mem_setOf_eq` has been deprecated: Use `Set.mem_ofPred_eq` instead
warning: RequestProject/CarrierScaleCompensation.lean:1261:24: `Set.mem_setOf_eq` has been deprecated: Use `Set.mem_ofPred_eq` instead
⚠ [8767/8780] Replayed RequestProject.ResidueJump
warning: RequestProject/ResidueJump.lean:312:13: `Set.mem_setOf_eq` has been deprecated: Use `Set.mem_ofPred_eq` instead
warning: RequestProject/ResidueJump.lean:351:17: `Set.mem_setOf_eq` has been deprecated: Use `Set.mem_ofPred_eq` instead
warning: RequestProject/ResidueJump.lean:367:17: `Set.mem_setOf_eq` has been deprecated: Use `Set.mem_ofPred_eq` instead
warning: RequestProject/ResidueJump.lean:394:17: `Set.mem_setOf_eq` has been deprecated: Use `Set.mem_ofPred_eq` instead
warning: RequestProject/ResidueJump.lean:408:19: `Set.mem_setOf_eq` has been deprecated: Use `Set.mem_ofPred_eq` instead
warning: RequestProject/ResidueJump.lean:537:13: `Set.mem_setOf_eq` has been deprecated: Use `Set.mem_ofPred_eq` instead
warning: RequestProject/ResidueJump.lean:596:17: `Set.mem_setOf_eq` has been deprecated: Use `Set.mem_ofPred_eq` instead
warning: RequestProject/ResidueJump.lean:612:17: `Set.mem_setOf_eq` has been deprecated: Use `Set.mem_ofPred_eq` instead
warning: RequestProject/ResidueJump.lean:635:19: `Set.mem_setOf_eq` has been deprecated: Use `Set.mem_ofPred_eq` instead
⚠ [8768/8780] Replayed RequestProject.StClockJumpLaw
warning: RequestProject/StClockJumpLaw.lean:44:77: `Set.mem_setOf_eq` has been deprecated: Use `Set.mem_ofPred_eq` instead
info: RequestProject/StClockJumpLaw.lean:164:0: 'CriticalLinePhasor.ResidueJump.zeroEventCountMult_add_intervalMultiplicity' depends on axioms: [propext,
 Classical.choice,
 Quot.sound]
info: RequestProject/StClockJumpLaw.lean:165:0: 'CriticalLinePhasor.ResidueJump.Smult_interval_clock_jump' depends on axioms: [propext, Classical.choice, Quot.sound]
info: RequestProject/StClockJumpLaw.lean:166:0: 'CriticalLinePhasor.ResidueJump.abs_Smult_interval_le_multiplicity_add_clock' depends on axioms: [propext,
 Classical.choice,
 Quot.sound]
info: RequestProject/StClockJumpLaw.lean:167:0: 'CriticalLinePhasor.ResidueJump.abs_Smult_interval_le_clock_of_event_free' depends on axioms: [propext,
 Classical.choice,
 Quot.sound]
info: RequestProject/StClockJumpLaw.lean:168:0: 'CriticalLinePhasor.ResidueJump.Smult_hasDerivWithinAt_of_event_free' depends on axioms: [propext,
 Classical.choice,
 Quot.sound]
⚠ [8770/8780] Replayed RequestProject.DifferencedResolvent
warning: RequestProject/DifferencedResolvent.lean:49:13: `Set.mem_setOf_eq` has been deprecated: Use `Set.mem_ofPred_eq` instead
warning: RequestProject/DifferencedResolvent.lean:93:36: Variable name `hγ` is not explicitly referenced.

Hint: The binding can be removed (if unused) or named `_` (if used implicitly). Alternatively, prefix the name with `_` to silence this warning:
  [apply] _hγ

Note: This linter can be disabled with `set_option linter.unusedVariables false`
warning: RequestProject/DifferencedResolvent.lean:168:32: `Set.mem_setOf_eq` has been deprecated: Use `Set.mem_ofPred_eq` instead
warning: RequestProject/DifferencedResolvent.lean:173:13: `Set.mem_setOf_eq` has been deprecated: Use `Set.mem_ofPred_eq` instead
warning: RequestProject/DifferencedResolvent.lean:238:32: `Set.mem_setOf_eq` has been deprecated: Use `Set.mem_ofPred_eq` instead
warning: RequestProject/DifferencedResolvent.lean:256:10: Variable name `a` is not explicitly referenced.

Hint: The binding can be removed (if unused) or named `_` (if used implicitly). Alternatively, prefix the name with `_` to silence this warning:
  [apply] _a

Note: This linter can be disabled with `set_option linter.unusedVariables false`
warning: RequestProject/DifferencedResolvent.lean:256:12: Variable name `b` is not explicitly referenced.

Hint: The binding can be removed (if unused) or named `_` (if used implicitly). Alternatively, prefix the name with `_` to silence this warning:
  [apply] _b

Note: This linter can be disabled with `set_option linter.unusedVariables false`
warning: RequestProject/DifferencedResolvent.lean:262:61: This simp argument is unused:
  Function.Embedding.coeFn_mk

Hint: Omit it from the simp argument list.
  [apply] simp only [windowSub, Finset.mem_map, Finset.mem_attach, true_and] at h

Note: This linter can be disabled with `set_option linter.unusedSimpArgs false`
warning: RequestProject/DifferencedResolvent.lean:268:61: This simp argument is unused:
  Function.Embedding.coeFn_mk

Hint: Omit it from the simp argument list.
  [apply] simp only [windowSub, Finset.mem_map, Finset.mem_attach, true_and]

Note: This linter can be disabled with `set_option linter.unusedSimpArgs false`
⚠ [8771/8780] Replayed RequestProject.ArgumentPrincipleRectangle
warning: RequestProject/ArgumentPrincipleRectangle.lean:598:26: This simp argument is unused:
  hz ρ hρ

Hint: Omit it from the simp argument list.
  [apply] simp [logDeriv_apply]

Note: This linter can be disabled with `set_option linter.unusedSimpArgs false`
info: RequestProject/ArgumentPrincipleRectangle.lean:676:0: 'CriticalLinePhasor.ContourArgument.rectangleBoundaryIntegral_inv_centered_square' depends on axioms: [propext,
 Classical.choice,
 Quot.sound]
info: RequestProject/ArgumentPrincipleRectangle.lean:677:0: 'CriticalLinePhasor.ContourArgument.rectangleBoundaryIntegral_inv_square' depends on axioms: [propext,
 Classical.choice,
 Quot.sound]
info: RequestProject/ArgumentPrincipleRectangle.lean:678:0: 'CriticalLinePhasor.ContourArgument.rectangleBoundaryIntegral_inv_sub_of_mem_interior' depends on axioms: [propext,
 Classical.choice,
 Quot.sound]
info: RequestProject/ArgumentPrincipleRectangle.lean:679:0: 'CriticalLinePhasor.ContourArgument.rectangleBoundaryIntegral_finset_sum' depends on axioms: [propext,
 Classical.choice,
 Quot.sound]
info: RequestProject/ArgumentPrincipleRectangle.lean:680:0: 'CriticalLinePhasor.ContourArgument.rectangleBoundaryIntegral_weighted_divisor' depends on axioms: [propext,
 Classical.choice,
 Quot.sound]
⚠ [8772/8780] Replayed RequestProject.ArgumentPrincipleAnalytic
warning: RequestProject/ArgumentPrincipleAnalytic.lean:24:50: This simp argument is unused:
  hR.le

Hint: Omit it from the simp argument list.
  [apply] simp [Metric.mem_closedBall, abs_of_pos hR]

Note: This linter can be disabled with `set_option linter.unusedSimpArgs false`
warning: RequestProject/ArgumentPrincipleAnalytic.lean:91:4: try 'simp' instead of 'simpa'

Note: This linter can be disabled with `set_option linter.unnecessarySimpa false`
warning: RequestProject/ArgumentPrincipleAnalytic.lean:104:28: This simp argument is unused:
  hz ρ hρ

Hint: Omit it from the simp argument list.
  [apply] simp [logDeriv_apply]

Note: This linter can be disabled with `set_option linter.unusedSimpArgs false`
⚠ [8773/8780] Replayed RequestProject.ContourLiftCalculus
warning: RequestProject/ContourLiftCalculus.lean:35:34: try 'simp' instead of 'simpa'

Note: This linter can be disabled with `set_option linter.unnecessarySimpa false`
info: RequestProject/ContourLiftCalculus.lean:119:0: 'CriticalLinePhasor.ContourArgument.hasDerivAt_of_continuous_exp_eq' depends on axioms: [propext,
 Classical.choice,
 Quot.sound]
info: RequestProject/ContourLiftCalculus.lean:120:0: 'CriticalLinePhasor.ContourArgument.intervalIntegral_logDeriv_eq_lift_sub' depends on axioms: [propext,
 Classical.choice,
 Quot.sound]
info: RequestProject/ContourLiftCalculus.lean:121:0: 'CriticalLinePhasor.ContourArgument.intervalIntegral_logDeriv_eq_lift_sub_of_le' depends on axioms: [propext,
 Classical.choice,
 Quot.sound]
⚠ [8774/8780] Replayed RequestProject.ZetaContourArgument
warning: RequestProject/ZetaContourArgument.lean:114:29: `Set.mem_setOf_eq` has been deprecated: Use `Set.mem_ofPred_eq` instead
warning: RequestProject/ZetaContourArgument.lean:126:2: Try this: 
  letI̵

The goal is a proposition, so `let` is preferred over `letI`.
The difference between `let` and `letI` is that `letI` inlines the value.
But this is not relevant for proofs because of proof irrelevance.

Note: This linter can be disabled with `set_option linter.style.haveILetI false`
warning: RequestProject/ZetaContourArgument.lean:211:10: This simp argument is unused:
  φ

Hint: Omit it from the simp argument list.
  [apply] simp [Complex.mul_im] at him

Note: This linter can be disabled with `set_option linter.unusedSimpArgs false`
info: RequestProject/ZetaContourArgument.lean:252:12: Try this:
  [apply] ring_nf
  
  The `ring` tactic failed to close the goal. Use `ring_nf` to obtain a normal form.
    
  Note that `ring` works primarily in *commutative* rings. If you have a noncommutative ring, abelian group or module, consider using `noncomm_ring`, `abel` or `module` instead.
warning: RequestProject/ZetaContourArgument.lean:377:48: Variable name `hT` is not explicitly referenced.

Hint: The binding can be removed (if unused) or named `_` (if used implicitly). Alternatively, prefix the name with `_` to silence this warning:
  [apply] _hT

Note: This linter can be disabled with `set_option linter.unusedVariables false`
warning: RequestProject/ZetaContourArgument.lean:443:45: Used `tac1 <;> tac2` where `(tac1; tac2)` would suffice

Note: This linter can be disabled with `set_option linter.unnecessarySeqFocus false`
warning: RequestProject/ZetaContourArgument.lean:514:35: This simp argument is unused:
  Function.comp_apply

Hint: Omit it from the simp argument list.
  [apply] simp only [ContinuousMap.coe_mk, Complex.add_im]

Note: This linter can be disabled with `set_option linter.unusedSimpArgs false`
warning: RequestProject/ZetaContourArgument.lean:773:51: Used `tac1 <;> tac2` where `(tac1; tac2)` would suffice

Note: This linter can be disabled with `set_option linter.unnecessarySeqFocus false`
warning: RequestProject/ZetaContourArgument.lean:794:35: Used `tac1 <;> tac2` where `(tac1; tac2)` would suffice

Note: This linter can be disabled with `set_option linter.unnecessarySeqFocus false`
warning: RequestProject/ZetaContourArgument.lean:817:63: Used `tac1 <;> tac2` where `(tac1; tac2)` would suffice

Note: This linter can be disabled with `set_option linter.unnecessarySeqFocus false`
warning: RequestProject/ZetaContourArgument.lean:873:67: Used `tac1 <;> tac2` where `(tac1; tac2)` would suffice

Note: This linter can be disabled with `set_option linter.unnecessarySeqFocus false`
warning: RequestProject/ZetaContourArgument.lean:1261:8: `ENat.coe_toNat` has been deprecated: Use `ENat.natCast_toNat` instead
info: RequestProject/ZetaContourArgument.lean:1533:0: 'CriticalLinePhasor.ContourArgument.zeta_ne_zero_standardContour' depends on axioms: [propext,
 Classical.choice,
 Quot.sound]
info: RequestProject/ZetaContourArgument.lean:1534:0: 'CriticalLinePhasor.ContourArgument.exp_contourLogLift' depends on axioms: [propext, Classical.choice, Quot.sound]
info: RequestProject/ZetaContourArgument.lean:1535:0: 'CriticalLinePhasor.ContourArgument.exp_contourLogLift_one' depends on axioms: [propext, Classical.choice, Quot.sound]
info: RequestProject/ZetaContourArgument.lean:1536:0: 'CriticalLinePhasor.ContourArgument.zeta_eq_norm_mul_exp_classicalSContour' depends on axioms: [propext,
 Classical.choice,
 Quot.sound]
info: RequestProject/ZetaContourArgument.lean:1537:0: 'CriticalLinePhasor.ContourArgument.contour_phase_times_clock_eq_sign_rsZ' depends on axioms: [propext,
 Classical.choice,
 Quot.sound]
info: RequestProject/ZetaContourArgument.lean:1538:0: 'CriticalLinePhasor.ContourArgument.exists_contourWindingIndex' depends on axioms: [propext,
 Classical.choice,
 Quot.sound]
info: RequestProject/ZetaContourArgument.lean:1539:0: 'CriticalLinePhasor.ContourArgument.classicalSContour_eq_winding_sub_clock' depends on axioms: [propext,
 Classical.choice,
 Quot.sound]
info: RequestProject/ZetaContourArgument.lean:1540:0: 'CriticalLinePhasor.ContourArgument.stripZeroWindow_finite' depends on axioms: [propext, Classical.choice, Quot.sound]
info: RequestProject/ZetaContourArgument.lean:1541:0: 'CriticalLinePhasor.ContourArgument.rectangleBoundaryIntegral_strip_xi_divisor' depends on axioms: [propext,
 Classical.choice,
 Quot.sound]
info: RequestProject/ZetaContourArgument.lean:1542:0: 'CriticalLinePhasor.ContourArgument.stripZeroCountMult_eq_onLine_add_offLine' depends on axioms: [propext,
 Classical.choice,
 Quot.sound]
info: RequestProject/ZetaContourArgument.lean:1543:0: 'CriticalLinePhasor.ContourArgument.onLineStripZeroCountMult_eq_zeroEventCountMult' depends on axioms: [propext,
 Classical.choice,
 Quot.sound]
info: RequestProject/ZetaContourArgument.lean:1544:0: 'CriticalLinePhasor.ContourArgument.stripZeroCountMult_eq_line_add_offLine' depends on axioms: [propext,
 Classical.choice,
 Quot.sound]
info: RequestProject/ZetaContourArgument.lean:1545:0: 'CriticalLinePhasor.ContourArgument.contourLogLift_unique' depends on axioms: [propext, Classical.choice, Quot.sound]
info: RequestProject/ZetaContourArgument.lean:1546:0: 'CriticalLinePhasor.ContourArgument.gammaLog_line_im' depends on axioms: [propext, Classical.choice, Quot.sound]
info: RequestProject/ZetaContourArgument.lean:1547:0: 'CriticalLinePhasor.ContourArgument.xiPolynomialLog_line_im' depends on axioms: [propext, Classical.choice, Quot.sound]
info: RequestProject/ZetaContourArgument.lean:1548:0: 'CriticalLinePhasor.ContourArgument.exp_xiContourLog' depends on axioms: [propext, Classical.choice, Quot.sound]
info: RequestProject/ZetaContourArgument.lean:1549:0: 'CriticalLinePhasor.ContourArgument.halfContourIntegral_logDeriv_riemannXi_eq_lift_sub' depends on axioms: [propext,
 Classical.choice,
 Quot.sound]
info: RequestProject/ZetaContourArgument.lean:1550:0: 'CriticalLinePhasor.ContourArgument.rectangleBoundaryIntegral_logDeriv_riemannXi_eq_contour_phase' depends on axioms: [propext,
 Classical.choice,
 Quot.sound]
info: RequestProject/ZetaContourArgument.lean:1551:0: 'CriticalLinePhasor.ContourArgument.rectangleBoundaryIntegral_logDeriv_riemannXi' depends on axioms: [propext,
 Classical.choice,
 Quot.sound]
info: RequestProject/ZetaContourArgument.lean:1552:0: 'CriticalLinePhasor.ContourArgument.contourWindingIndex_add_one_eq_stripZeroCountMult' depends on axioms: [propext,
 Classical.choice,
 Quot.sound]
info: RequestProject/ZetaContourArgument.lean:1553:0: 'CriticalLinePhasor.ContourArgument.exists_goodHeight_gt' depends on axioms: [propext, Classical.choice, Quot.sound]
info: RequestProject/ZetaContourArgument.lean:1554:0: 'CriticalLinePhasor.ContourArgument.offLineStripZeroCountMult_eq_winding_sub_line' depends on axioms: [propext,
 Classical.choice,
 Quot.sound]
info: RequestProject/ZetaContourArgument.lean:1555:0: 'CriticalLinePhasor.ContourArgument.classicalSContour_eq_Smult_add_offLine' depends on axioms: [propext,
 Classical.choice,
 Quot.sound]
info: RequestProject/ZetaContourArgument.lean:1556:0: 'CriticalLinePhasor.ContourArgument.classicalSContour_eq_Smult_iff_offLine_eq_zero' depends on axioms: [propext,
 Classical.choice,
 Quot.sound]
info: RequestProject/ZetaContourArgument.lean:1557:0: 'CriticalLinePhasor.ContourArgument.xiOrderNat_le_offLineStripZeroCountMult_of_offCarrier' depends on axioms: [propext,
 Classical.choice,
 Quot.sound]
info: RequestProject/ZetaContourArgument.lean:1558:0: 'CriticalLinePhasor.ContourArgument.xiOrderNat_le_classicalSContour_sub_Smult_of_offCarrier' depends on axioms: [propext,
 Classical.choice,
 Quot.sound]
info: RequestProject/ZetaContourArgument.lean:1559:0: 'CriticalLinePhasor.ContourArgument.classicalSContour_sub_Smult_pos_of_offCarrier' depends on axioms: [propext,
 Classical.choice,
 Quot.sound]
info: RequestProject/ZetaContourArgument.lean:1560:0: 'CriticalLinePhasor.ContourArgument.mem_stripZeroFinset_line_or_coordinate_defect' depends on axioms: [propext,
 Classical.choice,
 Quot.sound]
info: RequestProject/ZetaContourArgument.lean:1561:0: 'CriticalLinePhasor.ContourArgument.upper_nontrivialZero_line_or_globalCoordinateDefect' depends on axioms: [propext,
 Classical.choice,
 Quot.sound]
⚠ [8775/8780] Replayed RequestProject.StExplicitBridge
warning: RequestProject/StExplicitBridge.lean:99:10: This simp argument is unused:
  Complex.log_im

Hint: Omit it from the simp argument list.
  [apply] simp [harg]

Note: This linter can be disabled with `set_option linter.unusedSimpArgs false`
warning: RequestProject/StExplicitBridge.lean:99:26: This simp argument is unused:
  harg

Hint: Omit it from the simp argument list.
  [apply] simp [Complex.log_im]

Note: This linter can be disabled with `set_option linter.unusedSimpArgs false`
info: RequestProject/StExplicitBridge.lean:470:0: 'CriticalLinePhasor.StBridge.countable_nontrivialZeros' depends on axioms: [propext, Classical.choice, Quot.sound]
info: RequestProject/StExplicitBridge.lean:471:0: 'CriticalLinePhasor.StBridge.xiContourLog_zero_im' depends on axioms: [propext, Classical.choice, Quot.sound]
info: RequestProject/StExplicitBridge.lean:472:0: 'CriticalLinePhasor.StBridge.pi_mul_classicalSContour_eq_contour_im' depends on axioms: [propext,
 Classical.choice,
 Quot.sound]
info: RequestProject/StExplicitBridge.lean:473:0: 'CriticalLinePhasor.StBridge.packetTerm_norm_le' depends on axioms: [propext, Classical.choice, Quot.sound]
info: RequestProject/StExplicitBridge.lean:474:0: 'CriticalLinePhasor.StBridge.summable_packet_restrict_norm' depends on axioms: [propext, Classical.choice, Quot.sound]
info: RequestProject/StExplicitBridge.lean:475:0: 'CriticalLinePhasor.StBridge.xi_ne_zero_on_segment' depends on axioms: [propext, Classical.choice, Quot.sound]
info: RequestProject/StExplicitBridge.lean:476:0: 'CriticalLinePhasor.StBridge.horizontal_integral_eq_packets' depends on axioms: [propext, Classical.choice, Quot.sound]
info: RequestProject/StExplicitBridge.lean:477:0: 'CriticalLinePhasor.StBridge.summable_packet_integral' depends on axioms: [propext, Classical.choice, Quot.sound]
info: RequestProject/StExplicitBridge.lean:478:0: 'CriticalLinePhasor.StBridge.exists_stExplicitBridge' depends on axioms: [propext, Classical.choice, Quot.sound]
ℹ [8776/8780] Replayed RequestProject.HilbertPolyaResolventTrace
info: RequestProject/HilbertPolyaResolventTrace.lean:176:0: 'CriticalLinePhasor.HilbertPolya.summable_hadamard_term' depends on axioms: [propext, Classical.choice, Quot.sound]
info: RequestProject/HilbertPolyaResolventTrace.lean:177:0: 'CriticalLinePhasor.HilbertPolya.xi_logDeriv_two_point' depends on axioms: [propext, Classical.choice, Quot.sound]
info: RequestProject/HilbertPolyaResolventTrace.lean:178:0: 'CriticalLinePhasor.HilbertPolya.hilbertPolya_resolvent_trace' depends on axioms: [propext,
 Classical.choice,
 Quot.sound]
info: RequestProject/HilbertPolyaResolventTrace.lean:179:0: 'CriticalLinePhasor.HilbertPolya.hilbertPolya_resolvent_trace_hasSum' depends on axioms: [propext,
 Classical.choice,
 Quot.sound]
ℹ [8777/8780] Replayed RequestProject.DVPSeatPrimeJoin
info: RequestProject/DVPSeatPrimeJoin.lean:62:0: 'CriticalLinePhasor.DVP.vmef_nontrivialZeros_eq_ZD' depends on axioms: [propext, Classical.choice, Quot.sound]
info: RequestProject/DVPSeatPrimeJoin.lean:63:0: 'CriticalLinePhasor.DVP.mem_ZD_of_mem_vmef' depends on axioms: [propext, Classical.choice, Quot.sound]
info: RequestProject/DVPSeatPrimeJoin.lean:64:0: 'CriticalLinePhasor.DVP.offLine_transports' depends on axioms: [propext, Classical.choice, Quot.sound]
ℹ [8778/8780] Replayed RequestProject.DVPSeatLogDeriv
info: RequestProject/DVPSeatLogDeriv.lean:77:0: 'CriticalLinePhasor.DVP.seat_energy_eq_xi_logDeriv' depends on axioms: [propext, Classical.choice, Quot.sound]
⚠ [8779/8780] Replayed RequestProject.DVPSeatRealPart
warning: RequestProject/DVPSeatRealPart.lean:72:64: Used `tac1 <;> tac2` where `(tac1; tac2)` would suffice

Note: This linter can be disabled with `set_option linter.unnecessarySeqFocus false`
info: RequestProject/DVPSeatRealPart.lean:119:0: 'CriticalLinePhasor.DVP.seat_energy_re_eq' depends on axioms: [propext, Classical.choice, Quot.sound]
info: RequestProject/DVPSeatRealPart.lean:120:0: 'CriticalLinePhasor.DVP.xi_logDeriv_one_sub_conj' depends on axioms: [propext, Classical.choice, Quot.sound]
ℹ [8780/8780] Built RequestProject.XiStructureFunction (10s)
info: RequestProject/XiStructureFunction.lean:122:0: 'CriticalLinePhasor.XiStructure.xiStructure_Estar' depends on axioms: [propext, Classical.choice, Quot.sound]
info: RequestProject/XiStructureFunction.lean:123:0: 'CriticalLinePhasor.XiStructure.xiStructure_Acomp' depends on axioms: [propext, Classical.choice, Quot.sound]
info: RequestProject/XiStructureFunction.lean:124:0: 'CriticalLinePhasor.XiStructure.xiStructure_Bcomp' depends on axioms: [propext, Classical.choice, Quot.sound]
info: RequestProject/XiStructureFunction.lean:125:0: 'CriticalLinePhasor.XiStructure.rh_of_xiStructure_isHB' depends on axioms: [propext, Classical.choice, Quot.sound]
Build completed successfully (8780 jobs).
EXIT=0
